Country Name,Country Code,Indicator Name,Indicator Code,1960,1961,1962,1963,1964,1965,1966,1967,1968,1969,1970,1971,1972,1973,1974,1975,1976,1977,1978,1979,1980,1981,1982,1983,1984,1985,1986,1987,1988,1989,1990,1991,1992,1993,1994,1995,1996,1997,1998,1999,2000,2001,2002,2003,2004,2005,2006,2007,2008,2009,2010,2011,2012,2013,2014,2015,2016,2017,2018,2019,2020,2021,2022,2023,2024,2025
Aruba,ABW,GDP (current US$),NY.GDP.MKTP.CD,,,,,,,,,,,,,,,,,,,,,,,,,,,405586592.18,487709497.21,596648044.69,695530726.26,764804469.27,872067039.11,958659217.88,1083240223.46,1245810055.87,1320670391.06,1379888268.16,1531843575.42,1665363128.49,1722905027.93,1873452513.97,1896456983.24,1961843575.42,2044111731.84,2254830726.26,2360017318.44,2469782681.56,2677641340.78,2843024581.01,2553793296.09,2453597206.70,2637859217.88,2615208379.89,2727849162.01,2790849720.67,2962906703.91,2983637430.17,3092427932.96,3276187709.50,3346623191.46,2471419181.72,2880902798.92,3324034443.27,3834729616.12,4265650673.00,
Africa Eastern and Southern,AFE,GDP (current US$),NY.GDP.MKTP.CD,24205688712.38,24958886027.46,27073233856.54,31769135008.65,30279553206.64,33806176716.85,36927249593.16,38444163573.92,41742001495.40,47048523178.85,47593907819.79,52188685166.56,56726057494.08,73083598128.68,89535976340.39,95295754526.87,96006417139.97,109208244154.94,124083421003.12,142099959764.83,178472295521.02,185108969364.77,178355547527.53,185755503030.12,170038515839.18,149335153752.17,160553515127.74,190175229570.90,207368870172.41,220613390803.07,256383050159.49,276918502950.35,241188307967.90,239981176638.05,243477534983.31,273327034187.59,273427612467.25,288270699674.41,268728127688.21,265321007618.97,287041984552.04,260849957489.12,269746009737.98,358116081062.43,445974808500.09,521561976778.10,587500469826.42,674999944547.62,726770401376.73,726921646144.60,863822114606.33,959822476083.88,969265729636.03,981308886976.78,998836162271.30,910002035578.04,831868076442.43,978076465866.45,1020955778298.17,1018714795912.35,938607563405.09,1114144799994.21,1228967879390.01,1179359054880.45,1242693542929.85,
Afghanistan,AFG,GDP (current US$),NY.GDP.MKTP.CD,,,,,,,,,,,,,,,,,,,,,,,,,,,,,,,,,,,,,,,,,3521418059.92,2813571753.87,3825701439.00,4520946818.55,5224896718.68,6203256538.71,6971758282.29,9747886187.39,10109297047.54,12416152732.06,15856668555.83,17805098206.31,19907329777.59,20146416757.60,20497128555.70,19134221644.73,18116572395.08,18753456497.82,18053222687.41,18799444490.11,19955929052.15,14259995441.08,14497243872.13,17152234636.87,,
Africa Western and Central,AFW,GDP (current US$),NY.GDP.MKTP.CD,11904805741.68,12707719290.63,13630588814.30,14468913698.05,15803564796.41,16920876929.66,18033947666.94,16493541543.82,17022596883.70,19301191937.15,26696924213.81,24496786001.81,29489425515.75,36890633234.11,49687223643.24,57280116275.68,68385552348.17,71789497552.19,78778080489.57,96681064864.18,121445961252.94,217606540487.26,196264853551.92,151421439334.10,131373058519.31,138005066699.39,109517776160.10,112641148828.57,111770322169.92,104577372052.93,124277825786.70,130794315519.50,125449432677.39,130547124413.67,135350756019.39,207843864308.61,263563556144.18,276460023661.75,297126502718.94,140119071338.29,142700161610.08,150714426912.06,180129182230.86,208646527354.85,257939299771.71,316515667947.04,402077365740.58,470947616490.72,574259808704.12,515037106035.66,605794323433.51,691133400013.31,748030003656.80,844180401591.48,904071921008.09,778022057597.45,700028168335.24,694051345937.23,777840323023.31,1026996211935.80,963784699293.98,1026651004045.79,1063649130876.99,938238370514.20,736384961061.52,
Angola,AGO,GDP (current US$),NY.GDP.MKTP.CD,,,,,,,,,,,,,,,,,,,,,5930503400.96,5550483035.96,5550483035.96,5784341596.36,6131475065.18,7554065410.12,7072536108.70,8084412414.27,8769836768.83,10201780976.67,11229515599.30,10603784541.20,8307810973.59,5768720421.61,4438321017.39,5538749259.95,7526421519.17,7648380195.60,6506221615.79,6152923310.45,9129594970.15,8936079117.73,17311512432.45,20342128111.98,26997977896.59,41396636383.37,58653659979.71,73037821926.68,98790432989.41,81705175408.39,95546919754.76,125551634704.47,143572907527.98,148845200696.79,153449860496.40,102543067840.73,59878249719.33,84376935689.34,89512794227.50,80734428592.54,58852456453.88,79559543805.30,131212208930.34,107167747140.13,100998916781.08,
Albania,ALB,GDP (current US$),NY.GDP.MKTP.CD,,,,,,,,,,,,,,,,,,,,,1578102105.26,1808177156.18,1861163170.16,1881412587.41,1857337995.34,1897050116.55,2097326250.00,2080796250.00,2051236250.00,2253090000.00,2028553750.00,1099559027.78,652174990.84,1185315468.46,1880950864.41,2905092798.62,3234486232.04,2293666029.99,2600356999.21,3283941510.50,3584570164.85,4059064033.13,4515003116.68,5801712040.48,7406645793.44,8256658249.81,9150528132.18,11116937869.86,13258506375.45,12335540656.10,12086545641.30,12973755874.54,12246499747.97,12796985886.15,13296322588.17,11470171826.96,11988668784.66,13258268435.60,15379508329.76,15585111614.04,15241458744.59,18031989573.03,19017247013.88,23491242727.41,27046429296.67,
Andorra,AND,GDP (current US$),NY.GDP.MKTP.CD,,,,,,,,,,,78617711.10,89406608.15,113414397.37,150841639.30,186557082.00,220112572.21,227283850.83,253997897.23,308020261.16,411548748.35,446377776.80,388983266.20,375914743.58,327850042.52,330073080.64,346742714.68,481996012.87,611299924.54,721425939.15,795489582.04,1028989692.07,1106891361.54,1209992020.30,1007090269.87,1017544068.84,1178745282.87,1224024139.21,1180645571.86,1211953994.06,1240295198.78,1432606296.27,1548265926.76,1764279817.96,2366941614.03,2900244053.53,3161084846.98,3459336818.04,3957627536.76,4102317468.30,3688974807.45,3449925693.58,3629133062.55,3188653258.61,3193513470.44,3271686452.48,2789882569.10,2896611878.63,3000160414.64,3218418631.68,3155150255.91,2891002460.29,3324648075.56,3380611694.73,3785065524.85,4039842405.48,
Arab World,ARB,GDP (current US$),NY.GDP.MKTP.CD,,19998438484.73,20329047307.12,22364472061.30,24813307353.86,26771102387.35,28351046183.44,30600869634.50,34973045350.79,38563619624.24,43094140248.51,49930151658.85,59970718932.00,79130725986.85,152199035091.12,168169966031.31,210007567495.43,242286792667.27,265416211837.58,358135553984.58,486438763949.34,494934288111.79,463099887499.95,437476513138.04,440187316546.14,432863846846.03,405451959728.24,431233175938.53,429362637000.52,457356344756.14,641684045874.30,467929266012.12,467773383888.63,478901764895.94,499875724097.08,528474798399.24,570906157108.38,614595338335.66,598783412688.28,665404837896.43,763400003917.07,744722772315.71,746650656664.55,830076413454.43,987304981951.17,1210081969427.04,1439461108230.61,1674641032780.09,2118071078804.52,1829849574764.63,2161397546202.94,2573067811497.98,2813567531715.43,2883689839002.54,2937035588682.67,2580328583417.41,2536564595458.87,2611323720520.00,2920829737234.67,2965285548936.01,2604104981819.80,3085141461685.60,3747416641077.46,3622495663981.78,3735881442514.35,
United Arab Emirates,ARE,GDP (current US$),NY.GDP.MKTP.CD,,,,,,,,,,,685986701.32,939893599.63,1415086929.30,4231243615.86,11651505689.42,14720728248.54,19213158778.79,24871775164.60,23775764224.68,31225659621.00,43599160050.33,49333424135.11,46622718605.28,42803323345.14,41807954235.90,40603650231.54,33943612094.80,36384908744.21,36275674203.21,41464995913.92,50701443748.30,51552165622.45,54239171887.77,55625170253.34,59305093979.84,65743666575.86,73571233996.19,78839008444.57,75674336283.19,84445473110.96,104337372362.15,103311640571.82,109816201497.62,124346358066.71,147824370319.95,180617467964.60,222116541865.21,257916133424.10,315474615738.60,253547358747.45,307736419332.88,368881143635.13,392793464942.14,409632675289.31,424935874744.72,381973042886.32,381717086453.37,403365010211.03,440560108917.63,433926208304.97,357161878829.14,422441388699.80,511403403675.97,522622191967.33,552324846834.58,
Argentina,ARG,GDP (current US$),NY.GDP.MKTP.CD,15865474315.41,20132220374.91,18337691145.37,18272123664.47,25605249381.76,28344705966.64,28630474727.90,24256667553.26,26436857247.50,31256284543.62,31584210365.54,33293199095.49,34733000536.29,52544000116.90,72436777342.46,52438647921.92,51169499892.17,56781000101.08,89049453088.33,69252328951.64,76961923741.07,78676842366.55,84307486836.72,103979106777.91,116915052107.03,88150891728.11,105872372613.86,108810885301.25,126890235049.09,76629728760.12,141352654305.16,189719984268.49,228778917308.17,236741715015.02,257440000000.00,258031750000.00,272149750000.00,292859000000.00,298948250000.00,283523000000.00,284203750000.00,268696750000.00,97724004251.86,127586973492.18,164657930452.79,198737095012.28,232557260817.31,287530508430.57,361558037110.42,332976484577.62,423627422092.49,530158122010.44,545982375701.13,552025140252.25,526319673731.64,594749285413.21,557532320662.96,643628393281.36,524819892360.18,447754683615.23,385740508436.97,486564085480.04,633993756301.08,649461687959.17,638365455340.04,
Armenia,ARM,GDP (current US$),NY.GDP.MKTP.CD,,,,,,,,,,,,,,,,,,,,,,,,,,,,,,,2256863448.77,2069870129.87,1272835453.43,1201312829.28,1315158636.68,1468317435.20,1596968946.24,1639492444.76,1893726437.26,1845482173.03,1911563668.85,2118467913.38,2376335048.40,2807061008.69,3576615240.42,4900469511.10,6384452066.51,9206301269.79,11662040713.88,8647937081.26,9260285755.62,10142111824.58,10619320682.95,11121464437.04,11609513246.80,10553337518.41,10546136235.52,11527458709.02,12457940694.74,13619290539.21,12641698583.22,13878908628.94,19513506553.13,24185982215.65,25955275380.03,
American Samoa,ASM,GDP (current US$),NY.GDP.MKTP.CD,,,,,,,,,,,,,,,,,,,,,,,,,,,,,,,,,,,,,,,,,,,512000000.00,524000000.00,509000000.00,500000000.00,493000000.00,518000000.00,560000000.00,675000000.00,573000000.00,570000000.00,640000000.00,638000000.00,643000000.00,673000000.00,671000000.00,612000000.00,639000000.00,647000000.00,721000000.00,750000000.00,871000000.00,,,
Antigua and Barbuda,ATG,GDP (current US$),NY.GDP.MKTP.CD,,,,,,,,,,,,,,,,,,77507407.41,88040740.74,109596296.30,132451851.85,149388888.89,166444444.44,184866666.67,212214814.81,246370370.37,297562962.96,346866666.67,411396296.30,455174074.07,478718518.52,504337037.04,525133333.33,565662962.96,625081481.48,616051851.85,679140740.74,734422222.22,789788888.89,835544444.44,901003703.70,877774074.07,898092592.59,948100000.00,1026329629.63,1143896296.30,1303674074.07,1487381481.48,1557640740.74,1386518518.52,1298348148.15,1287359259.26,1364729629.63,1325496296.30,1378707407.41,1437485185.19,1489603703.70,1534855555.56,1661529629.63,1726448148.15,1411637037.04,1602125925.93,1866566666.67,2005785185.19,2207622874.07,
Australia,AUS,GDP (current US$),NY.GDP.MKTP.CD,18635682981.71,19713123154.10,19953923192.63,21573443451.75,23835843813.74,26014244162.28,27349284375.89,30487524878.00,32763365242.14,36738245878.12,41395206623.23,45283847245.42,52117990654.21,63923126201.15,89086219602.06,97440939505.67,105209354855.79,110504702913.51,118660813779.85,135093718050.67,150200557103.06,177151979565.77,194323071830.52,177523719680.08,193749932078.26,180861108959.10,182707050923.34,189726707252.52,236461079970.43,300264309002.14,311840666465.05,326416407860.79,325982966981.42,312568858909.50,323269456935.32,368725126225.13,401962517479.12,436321902767.41,400361527504.58,390347787943.35,416901962163.48,380360222861.20,396436967262.56,468517181129.88,615643050220.52,696811489612.82,749708370332.99,856603595823.19,1058448244063.77,931761689770.84,1152566632022.13,1402939868653.40,1552728401401.58,1583737461925.39,1474677007565.64,1356805839935.90,1211588128417.61,1330890554614.09,1433144978761.67,1398349602956.35,1333336461648.09,1560617493202.69,1695627535475.80,1734451264655.60,1757022451652.83,
Austria,AUT,GDP (current US$),NY.GDP.MKTP.CD,6624086313.14,7346566037.83,7793042529.16,8414050621.02,9213648655.98,10041659445.12,10939526218.64,11634569521.93,12499863917.10,13647475854.03,15312791743.85,17788536733.12,21973207929.04,29399860144.77,35051468639.58,39902300703.17,42791707448.03,51343861460.33,61809208755.80,73647694287.18,81737498404.59,70755997062.38,70996111962.57,71838528420.41,67719055773.33,69114996009.58,98648254168.54,123682091858.95,132817124707.46,132584448257.93,165811372382.91,173113449616.97,194314032056.10,189634029338.70,202738023129.74,240094169510.03,235952581232.13,211724812267.45,217068085815.92,216421809125.92,196181599831.29,196477206829.33,212837224022.81,260779834340.10,299210411454.82,313952317330.78,333905979332.48,386760177589.50,429234399096.17,399290118782.43,389827789217.63,428954737064.06,406750487603.59,426580502769.42,438556021078.03,379546097300.63,393687359770.27,414926138132.69,452582294972.78,442983642371.84,434397601557.70,480466363176.81,473221298968.22,516670509628.88,534790720466.82,
Azerbaijan,AZE,GDP (current US$),NY.GDP.MKTP.CD,,,,,,,,,,,,,,,,,,,,,,,,,,,,,,,8884848484.85,5344000000.00,444658671.59,1570392598.15,1193141110.35,2417331192.95,3176507376.32,3962362387.48,4446368570.69,4581248566.50,5272615722.97,5707616203.72,6236087738.28,7276413079.11,8680405740.94,13245421880.83,20981929497.62,33049419431.22,48851293785.45,44292427184.95,52909294791.93,65952796427.95,69679944504.20,74160560123.69,75239785452.10,53076235354.75,37866996882.92,40866627351.98,47112470051.77,48174235294.12,42693000000.00,54825411764.71,78807470588.24,72428470588.24,74315882352.94,
Burundi,BDI,GDP (current US$),NY.GDP.MKTP.CD,195999990.00,202999992.00,213500006.00,232749998.00,260750008.00,158994962.96,165444571.43,178297142.86,183200000.00,190205714.29,242732571.43,252842285.71,246804571.43,304339523.90,345263492.06,420986666.67,448412753.62,547535555.56,610225555.56,782496666.67,919726666.67,969046666.67,1013222222.22,1082926304.46,987143931.17,1149979285.77,1201725497.07,1131466494.01,1082403219.49,1113924130.41,1132101252.52,1167398478.35,1083037670.60,938632612.03,925030590.15,1000428393.89,869033856.32,972896267.92,893770740.21,808077223.37,870486065.88,876794723.07,825394519.42,784654423.62,915257323.40,1117113079.74,1273375078.45,1356199387.42,1611835857.05,1775495032.42,2032135192.01,2235812879.57,2327402362.82,2451624637.67,2705826648.21,2810532912.50,2618093125.15,2831362208.34,2913411408.45,2871555326.31,3227847281.32,3435598072.79,4036192552.89,3430949249.91,3082433067.33,
Belgium,BEL,GDP (current US$),NY.GDP.MKTP.CD,11810619368.39,12561701694.33,13436827166.52,14445805381.39,16168044450.25,17597783297.46,18894891312.30,20252508995.47,21654856965.43,24019653475.00,26706196046.79,29821661869.91,37209418018.51,47743801490.37,56033077879.04,65678189097.29,71113882967.61,82839905458.64,101246526194.44,116315456796.92,126829314388.19,104730018470.23,92095926187.53,87184239053.25,83349530159.17,86268264148.38,120018787249.41,149394404105.89,162299103675.26,164221056511.06,205331747947.85,210510999409.33,234781652446.68,224721795708.96,244884129491.20,288025588396.28,279201433224.76,252708051420.84,258528339631.03,258245733221.47,236792460312.47,236746141604.37,258383599375.18,318082528506.59,369214712443.21,385714762230.04,408259840868.82,470922156309.45,517328087920.08,485014525992.46,481556503720.00,527196649048.64,498414364944.96,524097026598.55,537987419164.35,461044767544.53,474271566739.73,500908767351.53,542638913427.92,536726344405.49,529694473501.79,598522422241.85,591085783326.27,651330595110.01,671370081636.41,
Benin,BEN,GDP (current US$),NY.GDP.MKTP.CD,226195578.43,235668220.51,236434954.04,253927697.26,269819005.88,289908680.43,302925235.15,306221953.10,326323105.26,330748244.54,333627713.49,335073027.54,410331856.99,504376074.19,554654860.70,676870140.34,698408261.92,750049778.84,928843469.43,1186231019.82,1405251846.54,1291120188.43,1267778670.36,1095348199.44,1051134008.79,1045712789.15,1336102025.28,1562412227.90,1620246083.79,1502294416.17,1959965330.15,1986437796.53,1695315305.70,2274558082.76,1598075943.87,2169627137.92,2361116449.39,2268301646.47,2455092686.35,3677393998.74,3519991440.48,3666222635.14,4194342686.22,5349258094.48,6190270380.50,6567654954.39,7034111314.89,8169048382.84,9787734526.24,9738626517.00,9535345015.78,10693321363.66,11141358115.90,12517845123.93,13284527846.91,11388160996.77,11821065853.38,12701655836.95,14262408089.93,14391686313.46,15686741883.93,17687623530.34,17425405090.86,19673291004.14,21482643706.42,
Burkina Faso,BFA,GDP (current US$),NY.GDP.MKTP.CD,330442815.82,350247234.26,379567099.25,394040667.11,410321644.96,422916789.75,433889766.24,450753923.55,460442689.38,478298645.39,458404268.76,482411179.12,578595521.99,674773569.88,751133430.45,939972703.46,976547188.05,1131224878.19,1475583644.94,1748480620.52,1928719888.21,1775842333.57,1754450096.24,1600278605.25,1459880132.14,1552493196.28,2036303357.68,2369834949.73,2616040478.99,2615587733.97,3101300778.56,3135045584.08,3356692505.18,3199536465.23,1895290637.10,2379517975.28,2586550595.41,2447669101.95,2804902367.15,3389566712.66,2968370087.60,3190371080.95,3622350062.96,4740768142.67,5451688537.61,6146353173.35,6547419820.38,7625722836.77,9451435490.11,9450696873.34,10109619740.70,12080295977.56,12561015156.57,13444300485.84,13943016076.74,11832159315.63,12833363045.34,14106955615.34,15890066221.29,16032813503.37,17725010532.53,19697516284.38,18622421394.61,20112614449.20,23124729853.02,
Bangladesh,BGD,GDP (current US$),NY.GDP.MKTP.CD,4274894083.33,4817580375.00,5081413541.67,5319458562.50,5386054833.33,5906636791.67,6439687854.17,7253575687.50,7483685770.83,8471006437.50,8992722166.67,8751843187.50,6288245866.67,8086725729.34,12512460519.71,19448348073.46,10117113333.33,9651149301.87,13281767142.86,15565480321.94,18138049095.61,20249694002.45,18525399201.60,17609048821.55,18920840000.00,22278423076.92,21774033333.33,24298032258.06,26579005558.37,28781715188.89,31598340778.22,30957483949.58,31708874594.16,33166519417.99,33768660882.79,37939748768.66,46438484107.58,48244309133.49,49984559471.37,51270569883.53,53369787318.62,53991289844.33,54724081490.51,60158929188.26,65108544250.04,69476001239.42,71795736172.16,79611644974.56,91636997370.98,102475158191.00,115275540051.26,128607482310.36,133310747603.48,149998957434.19,172886611653.79,195146608978.13,265224515675.03,293732446624.60,321362752441.78,351231654603.69,373979442362.19,416271647911.01,460131689083.08,437415333018.29,450119432068.85,
Bulgaria,BGR,GDP (current US$),NY.GDP.MKTP.CD,,,,,,,,,,,,,,,,,,,,,19839230769.23,19870000000.00,19342000000.00,16563666666.67,17594944444.44,17155421052.63,20249294117.65,28101000000.00,22555941176.47,21988444444.44,20632090909.09,7628738475.38,8602887622.64,10832064941.65,9709240033.99,18991484420.36,12294964837.62,11316127378.96,15031055046.76,13637098579.11,13245990274.46,14183446025.74,16403043849.83,21144957990.47,26157743368.87,29868657858.01,34380536495.67,44431257128.86,54480684188.44,52023801230.12,50689051382.44,57681293006.97,54297052002.23,55819262374.90,57080897012.11,50765918159.15,53929397039.21,59167647387.61,66097226262.22,68507731353.91,70486877546.49,84374613233.36,90506153293.67,102199231384.54,113343355779.99,
Bahrain,BHR,GDP (current US$),NY.GDP.MKTP.CD,,,,,,,,,,,391577364.08,422181562.19,534081183.68,761132545.10,1042176883.52,1099107600.51,1581709518.98,1989060283.04,2272042965.21,2710160739.19,3493834468.03,3943109531.91,4145421079.79,4247030468.09,4440874566.49,4152376484.04,3470746843.09,3856922694.15,4209834172.87,4393093962.77,4809511005.32,5248911170.21,5402232446.81,5913001063.83,6330627925.53,6651180851.06,6938166755.32,7219407712.77,7031309042.55,7528469148.94,9062898936.17,8976196808.51,9593510638.30,11074813829.79,13150159574.47,15968723404.26,18504760638.30,21730000000.00,25710904255.32,22938218085.11,26805984042.55,29914680851.06,31963404255.32,33823324468.09,34772526595.74,32523297872.34,33884680851.06,37204813829.79,39567978723.40,40446808510.64,35837632978.72,40840212765.96,46458191489.36,46192260638.30,47109734308.51,
"Bahamas, The",BHS,GDP (current US$),NY.GDP.MKTP.CD,169736027.16,190022030.40,212170033.95,237650038.02,266560042.65,300272048.04,346800000.00,398000000.00,453800000.00,538700000.00,539500000.00,573400000.00,590900000.00,670900000.00,632400000.00,596200000.00,642100000.00,713000000.00,832400000.00,1139800100.00,1335300000.00,1426500000.00,1578300000.00,1732800000.00,2041100000.00,2320699900.00,2472500000.00,2713999900.00,2817900000.00,3062000000.00,3166000000.00,3111160000.00,3109000000.00,3092000000.00,3259000000.00,3429000000.00,3609000000.00,6332360000.00,6833220000.00,7683870000.00,8076470000.00,8317830000.00,8881160000.00,8870090000.00,9055290000.00,9836200000.00,10167250000.00,10618340000.00,10526000000.00,9981960000.00,10095760000.00,10070450000.00,10720400000.00,10475300000.00,11139100000.00,11837600000.00,11880900000.00,12446900000.00,12819200000.00,13277000000.00,10363200000.00,12037000000.00,13896800000.00,15271300000.00,15832800000.00,
Bosnia and Herzegovina,BIH,GDP (current US$),NY.GDP.MKTP.CD,,,,,,,,,,,,,,,,,,,,,,,,,,,,,,,7753478260.87,6122959183.67,4735044707.24,3630668949.83,1255802469.14,1866572953.74,2786045321.64,3671909673.04,4116774300.61,4686256363.05,5567772768.81,5800615374.76,6728220982.88,8498894359.39,10156541220.97,11222796336.54,12864841905.95,15778734264.38,19112796623.12,17613949091.23,17176315803.73,18644233537.11,17226735995.69,18179109209.39,18558734107.15,16404348361.09,17116926553.85,18326373135.61,20484058033.11,20482608984.33,20226038369.92,23672712121.27,24534663636.18,27592361498.41,29613572022.90,
Belarus,BLR,GDP (current US$),NY.GDP.MKTP.CD,,,,,,,,,,,,,,,,,,,,,,,,,,,,,,,17389558232.93,18404907975.46,16939790093.91,16275073526.98,14931435232.08,13972683273.57,14500437519.83,14128408565.71,15222012660.42,12138486532.02,12736856827.98,12354820143.88,14594900944.77,17825444724.49,23141566292.95,30210091836.83,36961894281.34,45275711995.83,60752106347.13,50873167326.04,57231904542.88,61762382327.93,65685890438.89,75527558966.45,78813069121.00,56454769844.76,47723545321.26,54725405751.16,60031026576.26,64410170653.46,61371673344.74,69673747131.87,73775179924.60,72478760370.43,75961865471.91,
Belize,BLZ,GDP (current US$),NY.GDP.MKTP.CD,28072478.07,29964999.97,31857591.86,33750113.75,36194586.19,40110040.11,44450044.45,47431255.75,44999910.00,47399905.20,53339893.32,59074687.20,65998069.38,78214767.83,103160450.45,118194026.25,97094227.23,117650000.00,136300000.00,151800000.00,257400000.00,260750000.00,248550000.00,262150000.00,290350000.00,287300000.00,311500000.00,371100000.00,421450000.00,491100000.00,546750912.29,596682100.00,695741150.00,752255150.00,771838000.00,818590250.00,850339100.00,872916050.00,929047000.00,999713050.00,1138138100.00,1172045150.00,1243912050.00,1308280250.00,1400202000.00,1474298400.00,1590463100.00,1706190450.00,1738453600.00,1688012750.00,1748988400.00,1831576700.00,1917083500.00,2035191450.00,2138242200.00,2193095150.00,2239604950.00,2266028250.00,2285915050.00,2381187850.00,2047284600.00,2428606250.00,2846604350.00,3052362650.00,3203631800.00,
Bermuda,BMU,GDP (current US$),NY.GDP.MKTP.CD,72400000.00,76500000.00,80700000.00,82600000.00,92200000.00,98000000.00,115000000.00,134800000.00,150000000.00,164900000.00,186300000.00,211100000.00,235400000.00,269500000.00,312600000.00,345000000.00,386300000.00,447000000.00,475800000.00,517200000.00,613299968.00,739100032.00,785500032.00,889400000.00,985699968.00,1039500032.00,1173500032.00,1296499968.00,1415100032.00,1501500032.00,1592400000.00,1634900000.00,1679900000.00,1820359900.00,1867160100.00,2030750000.00,2695390000.00,2932827000.00,3130748000.00,3324433000.00,3480219000.00,3680483000.00,3937228000.00,4186525000.00,4484703000.00,4868136000.00,6144000000.00,6767000000.00,6980000000.00,6656000000.00,6634526000.00,6312691000.00,6378188000.00,6465756000.00,6413988000.00,6654541000.00,6899911000.00,7142316000.00,7225977000.00,7423465000.00,6887364000.00,7290037000.00,7874381000.00,8579242000.00,9233600000.00,
Bolivia,BOL,GDP (current US$),NY.GDP.MKTP.CD,377020202.02,410101010.10,448400673.40,482828282.83,544023569.02,604377104.38,669191919.19,755808080.81,857912457.91,929629629.63,1017003367.00,1095622895.62,1257615644.98,1262968515.74,2100249875.06,2404697651.17,2731984008.00,3227436281.86,3758220889.56,4421336382.94,4537479608.48,5891598694.94,5594126368.91,5422656823.38,6169483225.36,5377276554.93,3959382833.13,4347956337.93,4597612362.27,4715973437.44,4867582597.51,5343262457.10,5643868748.68,5734699488.85,5981222858.83,6715161732.23,7396949126.36,7925736821.45,8497494652.13,8285064434.57,8397855484.77,8141516928.39,7905485146.44,8082399639.54,8773451751.51,9549122905.33,11451844902.22,13120108008.35,16674276285.90,17339992193.73,19649723722.10,23963164696.59,27084497481.91,30659338885.67,32996188017.37,33000198248.91,33941126193.92,45927439594.79,48414038842.26,49056643589.00,42313784081.04,47877892402.32,50959081953.69,52340206946.45,54881327452.97,
Brazil,BRA,GDP (current US$),NY.GDP.MKTP.CD,17030465539.39,17275940449.38,19231747851.53,23287712878.20,20963733694.97,22465522884.10,28283323733.11,31086389194.96,33930457425.26,37171640818.59,42327664793.69,48869830901.79,58434858374.87,83592275863.00,109794519727.54,129203555238.83,153168949208.21,176344101401.94,200278646123.58,221338204480.22,237393489892.64,258015174748.65,271314113768.42,189656506321.43,188339974086.58,210879844638.88,256480852471.13,283056836893.84,307881930752.27,412990820287.42,390725626002.87,342609231342.78,328187960871.95,368295778245.09,525369851353.74,769333330411.58,850426433004.08,883206452795.12,863711007325.49,599642075004.47,655448188259.35,559983704094.17,509795270685.19,558233724164.71,669289321944.51,891633826625.41,1107626711163.23,1397114247188.89,1695855391757.96,1666996294252.12,2208838108484.35,2616156606579.21,2465228293706.86,2472819362043.74,2456043766032.38,1802211999456.42,1795693265999.04,2063514688805.78,1916933708352.71,1873288158838.63,1476107292151.95,1670647464062.96,1951923832083.87,2191131869706.02,2185821648943.86,
Barbados,BRB,GDP (current US$),NY.GDP.MKTP.CD,80021846.95,85363759.34,88782583.46,99893761.27,99252731.45,105021996.86,113195122.76,125554008.72,125733668.50,141393142.00,166210203.00,186826503.03,213725216.67,260767827.62,311804629.87,402178605.02,435911268.59,495097667.93,552883707.06,670362452.15,1012280614.53,1114204743.20,1163923830.36,1236016506.74,1346890071.10,1409536120.92,1547755183.21,1704370307.76,1812757917.76,2006165166.81,2012131457.27,2020583702.08,1957000000.00,2063342117.04,2151344901.31,2216974096.36,2363645403.47,2498384129.67,2817083478.35,2951822204.54,3059500000.00,3054500000.00,3106500000.00,3209500000.00,3444500000.00,3819500000.00,4217323400.00,4675767950.00,4790410400.00,4466809600.00,5672900000.00,5663100000.00,5761450000.00,5667200000.00,5620600000.00,5698150000.00,5674600000.00,5683150000.00,6001950000.00,6161850000.00,5407050000.00,5947550000.00,6884900000.00,7223250000.00,7498050000.00,
Brunei Darussalam,BRN,GDP (current US$),NY.GDP.MKTP.CD,,,,,,114039500.59,132757528.04,139029537.24,160818235.87,161210236.44,179078929.32,197525767.79,270822782.03,433095526.69,2319576214.21,2496420257.54,3054765590.29,3681242528.32,4100423673.59,6044367628.29,10795432293.61,9367218664.31,8932198185.73,7927590750.40,7632788075.16,6967623884.42,4190280002.67,4918010080.03,4535130304.71,4983622881.00,6039881086.68,6284497293.86,6327966435.17,6203339912.15,6467782517.72,7700144069.14,7663377306.05,7793034376.21,5550846019.54,6309070377.60,6570999087.57,6096155767.38,6333082875.57,7167725261.93,8619178773.51,10547202620.53,12644616418.69,13432029484.40,15926456515.00,11912904509.86,13707121038.44,18524791062.66,19048443340.77,18094148098.65,17097797386.03,12930296870.12,11400266044.67,12128168045.12,13566908391.09,13469235364.70,12005799653.98,14006496617.45,16681536466.72,15095084656.16,15340808592.48,
Bhutan,BTN,GDP (current US$),NY.GDP.MKTP.CD,,,,,,,,,,,61812113.07,66289450.33,70139866.81,78900289.32,92901784.50,86820762.49,88461262.78,97884433.80,94086227.61,105377995.20,128669200.92,139174178.09,141439317.40,156704289.91,160423493.94,163288815.36,191218115.49,242742766.35,272298066.56,264798626.17,287765007.11,240294286.02,240233531.16,225973692.84,258954708.05,290490983.82,303408345.62,352229076.71,363458380.90,399311199.51,460733418.40,496110225.71,559345263.71,651935430.31,735348490.43,860391000.22,942879878.54,1255767964.00,1317517834.60,1331343797.77,1708880730.21,1977728658.68,1973387227.97,1943696951.65,2089079570.58,2187815803.37,2357504760.79,2591358009.20,2583335721.86,2735683570.46,2457604333.91,2768802960.11,2898227743.76,3012896789.25,,
Botswana,BWA,GDP (current US$),NY.GDP.MKTP.CD,30411413.66,32902612.87,35644956.64,38091842.85,41616347.79,45788696.33,51465655.39,58642354.09,66248441.42,77361546.51,96243233.66,127448613.51,164460914.98,244124164.04,306044207.53,355168571.54,372025093.01,451624780.27,590407374.45,819870258.78,1060889703.75,1073812830.30,1014945695.72,1172230396.58,1240822167.44,1114783342.72,1392602163.54,1965226890.05,2644554158.73,3083822112.02,3790636324.45,3942876703.45,4146464586.62,4160129174.71,4259259604.16,4730599121.93,4847757217.76,5020265626.66,4790481509.18,5484263346.88,5788329609.16,5489608299.66,5438863982.89,7511582173.38,8957467706.54,9918907108.10,9919158482.41,10567270655.50,10730829116.41,10118459242.32,12637273429.13,15110643612.17,13907464500.15,14271738933.20,15470088500.74,13530748844.51,15082637184.05,16105155856.77,17031943186.14,16725908148.55,14960251607.81,18750182236.22,20321150599.15,19411266967.10,19402063512.91,
Central African Republic,CAF,GDP (current US$),NY.GDP.MKTP.CD,112155598.49,123134583.46,124482773.83,129379123.76,142025078.74,150574795.41,157930018.09,163820513.56,191767441.60,188039210.13,189106529.21,201450799.83,230317883.36,271183082.04,281398705.57,378660016.27,451152461.31,507298147.53,610578631.99,700764747.76,797048198.53,694803622.90,748312390.76,658679332.68,637820670.30,864849836.29,1122265013.42,1200991977.81,1264899287.51,1233930280.92,1440711459.17,1377374986.59,1411917553.12,1278781261.56,851174356.78,1115389673.69,1007791127.10,937741513.02,967338389.65,999477510.69,916777282.69,932648604.75,996068144.88,1142315522.54,1272360517.32,1337894378.74,1461859762.33,1699811294.95,1993407888.50,2067381665.25,2142591540.40,2437982705.12,2510126512.23,1691544110.19,1894813389.40,1695825714.19,1825018144.66,2072349972.68,2220979146.11,2221301351.44,2326720900.38,2516498412.46,2382618615.02,2555492085.95,2751494281.07,
Canada,CAN,GDP (current US$),NY.GDP.MKTP.CD,40563768946.95,41038192837.90,42336211555.83,45140337826.99,49503663836.37,54649410478.52,61252415404.69,65856924423.97,72048833006.16,79405011124.82,88192257632.31,99606454743.51,113463848873.62,131764343565.64,160949188139.06,174419757176.56,207271612576.07,212325176304.65,219369542386.25,243891124295.72,274776566028.05,307246642755.86,314647807408.61,341866277182.73,356718400123.54,366186012449.65,379006836991.72,433134238310.71,509380027626.55,567211993243.24,596075591360.99,612527712315.62,594387358318.86,579053561739.40,579944346807.26,605961090061.21,630607994132.75,654986999855.55,634000000000.00,678412196271.12,744773415931.59,738981792355.37,760649334098.01,895540646634.79,1026690238278.25,1173108598778.68,1319264809590.97,1468820407783.26,1552989690721.65,1374625142157.29,1617343367486.26,1793326630174.52,1828366481521.60,1846597421834.98,1805749878439.94,1556508816217.14,1527994741907.43,1649265644244.09,1725329192783.02,1743725183672.52,1655684730000.19,2022378748423.23,2190411080134.32,2173339670064.33,2243636826633.76,
Central Europe and the Baltics,CEB,GDP (current US$),NY.GDP.MKTP.CD,,,,,,,,,,,,,,,,,,,,,,,,,,,,,,,272115195628.93,246710634295.86,255096853829.45,270374645291.36,308675977161.46,394762398480.38,417518097817.20,411143082438.38,449843473353.66,436027644107.05,429412709571.52,469501416107.35,528524764911.33,634291134326.28,763490469817.59,885715817927.21,1001314786967.89,1264257753875.71,1530264815688.71,1289259547165.21,1319443729249.66,1458155270134.30,1361899009858.40,1420222538112.93,1467451281263.28,1297141271990.05,1321561415743.83,1467501784248.85,1656383422202.66,1684318282245.77,1678294256145.30,1926347717339.00,1954419184114.96,2273205742208.30,2462005273603.48,
Switzerland,CHE,GDP (current US$),NY.GDP.MKTP.CD,10412232620.53,11713348834.31,12989649694.28,14283872299.05,15833133857.63,16780226225.09,18019402373.54,19397044714.10,20712102793.80,22442043274.07,24998066773.38,30040171750.65,36844318854.24,49550006319.51,57103011445.64,65466081819.24,68476524643.94,73135771167.05,102280472035.79,114970094424.73,122557843886.14,112244805518.79,115043365512.49,114634358534.61,109455312167.51,110980314191.53,159089921062.87,199236370037.55,215540625298.98,208105846934.41,265763573999.42,268901693863.32,279921425828.47,272237527070.93,301375055202.16,352835806342.50,340103959546.93,294788198856.20,303459014346.81,297873643323.13,279216033870.20,286582672434.23,309301422430.39,362075086507.76,403912891033.37,418284865885.00,441634672196.52,490740715594.80,567267767519.16,554212916092.27,598851028906.58,715888126682.40,686420221557.99,706234937370.97,726537808338.00,694118186379.63,687895460902.71,695200833086.50,725568717468.00,721369112726.72,741999406005.63,815309330986.72,828508926958.39,894424821645.21,936564198048.52,
Channel Islands,CHI,GDP (current US$),NY.GDP.MKTP.CD,,,,,,,,,,,,,,,,,,,,,,,,,,,,,,,,,,,,,,,5945677376.61,6262740656.85,6439703434.71,6232906290.49,6663669064.75,7332244897.96,8553643354.08,8827272727.27,9676172953.08,11514605842.34,,9100755725.19,8902359316.36,9648680025.83,9454638123.24,9594745810.67,10527973277.61,10109273770.33,9168857222.33,9170044517.20,10026394043.61,10031864649.08,9439810769.23,11157540109.89,11308272505.18,12507320838.39,,
Chile,CHL,GDP (current US$),NY.GDP.MKTP.CD,4211103676.74,4948564550.91,5765971144.47,5702520146.03,6065708668.33,6183988944.35,7256882086.20,7145068067.64,7286820526.02,8456519044.38,9261006540.16,10999807567.12,12057501634.98,17237336172.79,16584311220.14,7812161793.12,10523479088.81,14272711436.75,16373093553.72,22249574627.69,29586676576.10,35180322211.29,19710229067.29,20629678694.07,19974595028.16,17933557359.80,19197818084.68,22605488850.90,26174858613.85,30101767991.11,33428580448.27,38232330917.20,46538895685.81,49934943320.88,57438273591.05,73820425701.66,78584098983.64,85741415285.17,81990010704.06,75578685735.52,78339750721.36,71574739561.43,70264045939.28,76492579644.06,99075985773.67,122294145163.19,153843518170.86,172491076033.86,179894594475.41,171777900623.89,217051209238.53,251382573893.87,267024782486.86,277395018842.42,259560978224.36,242450355830.88,249344863928.44,276154259981.10,295857562991.71,278285058719.47,254042159309.31,315325547162.07,301226575540.24,335518054097.64,330267137371.59,
China,CHN,GDP (current US$),NY.GDP.MKTP.CD,59846235024.73,50162299349.79,47310737754.23,50812227918.58,59821862703.40,70565994356.18,76854053259.21,73011350596.25,70980323818.79,79847786729.19,92752930873.19,99959013879.63,113871930713.84,138764340892.00,144418433058.47,163687619735.86,154196810058.64,175226595859.78,149788617886.18,178573913043.48,191487500000.00,196218253968.25,205480916030.53,231130268199.23,260442857142.86,310064625850.34,301310144927.54,273455156950.67,312888888888.89,348380566801.62,361560229445.51,384510452961.67,428502354788.07,446557291212.15,566929539493.17,738190896227.55,868523936530.08,967753570434.67,1037134141760.35,1103843203575.64,1223754919971.05,1355036590251.52,1489821682050.54,1683903309843.85,1984196551300.44,2317551298052.05,2791498472804.33,3604055822571.63,4667346414521.95,5189577094997.58,6192564874453.29,7671757207851.29,8673664713189.24,9743124247267.24,10674533168257.40,11280814787468.90,11456024084962.00,12537559062282.90,14147765772963.80,14560167101283.40,14996414166715.10,18201698719564.00,18316765021690.20,18270356654533.20,18743803170827.20,
Cote d'Ivoire,CIV,GDP (current US$),NY.GDP.MKTP.CD,546203559.34,618245634.18,645284473.73,761047198.03,921063326.59,919771228.82,1024102880.06,1082922724.87,1281281276.72,1361360293.43,1455482795.41,1584128509.47,1849400401.65,2508421426.18,3070152309.22,3893839190.27,4662053824.84,6265068189.38,7900526298.32,9142933966.79,10175617609.10,8432589942.39,7567110848.92,6838184772.52,6841639246.90,6977650643.99,9158302099.58,10087654464.82,10255169805.80,9757410644.67,10795850582.78,10492628580.75,11152971273.94,11045760288.12,8313557510.15,11000146266.51,18071152830.61,18047558037.70,19619654755.68,18870992455.57,16577533891.88,16810537043.84,18054383320.85,21251754340.43,23510575681.37,24036918703.17,25281413263.37,28760090953.31,34078240293.26,33886813250.20,34936307980.06,36693710801.40,36302302877.30,42760235484.61,48843005613.71,45815005169.27,48407761036.82,52512343996.69,58522477786.69,60382894697.36,63027852805.42,72794636653.78,70922824813.91,80780312569.16,87113179149.28,
Cameroon,CMR,GDP (current US$),NY.GDP.MKTP.CD,614206068.50,652777608.32,694247864.38,718320845.04,776650176.90,814083265.51,851112534.55,936175260.03,1046191217.80,1100551488.63,1151216992.88,1236941394.11,1498251889.66,1901393361.02,2157415532.55,2857037371.06,2898090001.86,3394664024.06,4662852583.13,5919002982.60,6674569046.68,6610938616.66,6611255963.84,6870200009.90,7311938026.37,8544810497.99,11857056199.08,13049659981.14,12236057362.49,11012566195.03,12314482627.85,11840192296.39,12071775335.04,16181814712.53,8902446252.18,10864772470.90,11093538846.45,10789458432.64,11298144990.41,11565826464.89,10566579294.98,10953485349.11,12417251350.49,15970315034.99,18826214135.64,19509852206.93,20910512974.93,23928250433.04,27715142032.91,27932970317.13,27507501821.03,30630910495.22,30155062329.28,33728621180.32,36386544706.08,32210233020.46,33814337044.38,36098547033.17,39955552189.80,39667757527.66,40773241177.05,45011937346.84,44347206072.55,48814501547.43,53296694320.21,
"Congo, Dem. Rep.",COD,GDP (current US$),NY.GDP.MKTP.CD,3359404117.65,3086746857.14,3779841428.57,6213185742.57,2881545272.73,4043901818.18,4532660181.82,3384063371.76,3909780538.92,5032434970.06,4877684910.18,5594770359.28,6173712814.37,7870239461.08,9596960179.64,10237343173.65,9648583224.99,12344424763.57,15372608002.39,15068422236.37,14394927494.86,12537821038.22,13651667371.17,11006712650.45,7857729193.20,7195042616.01,8095367168.22,7661625472.58,8861299976.74,9021862775.18,9349764580.41,9625436872.51,8227343907.27,10706259936.74,5820382248.28,5643439376.10,5771456952.19,6090838693.27,6217805820.77,4711259427.27,19088046305.80,7438189100.33,8728038525.14,8937567059.88,10297483481.22,12609728573.10,15484044534.58,18374807772.54,22723488723.36,18607259480.54,24161641931.03,26392379641.77,30029369928.73,34891189160.30,38352980552.87,40179574490.30,38600224214.47,37537521565.53,46659954092.49,46845900350.03,46691989748.92,59067289573.51,70422346142.20,69843655425.29,70962185790.71,
"Congo, Rep.",COG,GDP (current US$),NY.GDP.MKTP.CD,131731862.78,151675738.93,166521239.65,172233430.66,185693724.91,198318064.03,220613581.97,237397428.14,251247457.77,265040036.42,274960699.89,322128018.96,410669263.65,541973362.61,585364634.47,767102680.24,754549601.39,765224029.29,878771772.20,1198749667.43,1705796852.89,1993512322.62,2160640564.56,2097274289.75,2193581365.34,2160872540.03,1849268212.30,2297753652.35,2212536311.99,2389593025.60,2798746050.11,2724853505.80,2933222703.03,2684323623.14,1769365437.79,2116003867.76,2540697539.06,2322719102.69,1949481379.22,2354772960.28,3227927697.58,2796704604.04,3034250923.98,3503723087.74,4656974940.13,6650001680.49,8072305029.07,8782703436.70,11649857673.44,9723299915.25,13148396211.60,15655383576.65,17692911296.30,17958720699.09,17919321078.03,12434793867.36,10931328150.85,11834473039.36,14773900288.51,13976637779.98,11468687464.00,14825690210.92,15817030154.69,15321055822.52,15719986076.65,
Colombia,COL,GDP (current US$),NY.GDP.MKTP.CD,4031152976.64,4540447761.19,4955543963.37,4836166666.67,5973366666.67,5760761904.76,5428518518.52,5825170438.49,5960212869.13,6450175213.75,7198360460.20,7820380970.54,8671358732.68,10315760000.34,12370029583.64,13098633901.87,15341403660.47,19470960619.13,23263511958.05,27940411250.27,33400735644.05,36388366869.03,38968039721.75,38729822781.60,38253120737.97,34894411351.98,34942489683.97,36373307085.09,39212550050.42,39540080200.39,47844090709.99,49175565911.07,58418985443.32,66446804802.57,81703500846.04,92507279383.04,97160109277.81,106659508271.26,98443739941.17,86186158684.77,99875074951.03,98200641203.39,97945812802.89,94644969157.10,117092416666.25,145600529605.80,161792958904.86,206229540926.31,242504150472.93,232468663109.60,286498534094.96,334966134804.89,370691143018.04,382093697077.69,381240864422.41,293492370193.17,282720100286.23,311866875156.88,334198218098.28,323031701192.84,270348342541.47,318524633225.40,345632492851.45,366291836137.92,418818154879.27,
Comoros,COM,GDP (current US$),NY.GDP.MKTP.CD,,,,,,,,,,,,,,,,,,,,,243390495.92,212958381.54,202152461.76,196193379.74,189102734.15,191944891.60,258143902.89,313292322.96,336422522.41,328665080.85,401561021.55,400592662.61,436552922.12,427750822.87,314789556.04,392774713.63,392488148.73,362816806.13,363932160.23,371921712.45,339504306.29,372746486.17,427360070.32,546830040.54,622679660.37,655375095.91,688498641.51,795673152.87,915659107.97,905341172.71,907978730.89,1023086273.53,1015843490.82,1116224106.84,1149587661.01,966029600.86,1012835493.19,1077439756.59,1178530633.25,1187915408.87,1218763671.27,1272238390.86,1222485532.32,1326836543.01,1440991455.45,
Cabo Verde,CPV,GDP (current US$),NY.GDP.MKTP.CD,,,,,,,,,,,,,,,,,,,,,142246815.35,139468209.12,140630678.98,138476175.62,132019038.59,137728204.81,190651167.56,235253064.71,264308140.29,267448571.41,306890962.65,319827058.59,357160985.33,490417389.68,406580652.33,487148993.53,501979269.84,490608657.92,521910560.52,592416703.06,539227277.63,563090490.38,620507387.47,813260468.87,924940011.84,972241676.91,1107571457.91,1649621738.64,1959620648.32,1852334575.18,1824751467.93,2046817987.20,1913081210.41,2028910915.16,2041930125.43,1749857620.35,1849789986.00,1996741539.95,2205099507.00,2252177124.32,1821565613.69,2051842618.71,2247003344.34,2504525548.71,2725414150.73,
Costa Rica,CRI,GDP (current US$),NY.GDP.MKTP.CD,507513829.99,490325181.61,479180824.35,511902136.81,542578367.24,592981162.26,647305630.19,699456618.87,773841494.34,853630203.77,984830158.49,1077147537.52,1238251695.55,1528925846.25,1666544754.10,1960863465.58,2412555425.90,3072427012.84,3523208809.80,4035519323.22,4831447001.17,2623803095.79,2606623554.57,3146772630.77,3660477856.23,3919203960.40,4418983870.97,4532952047.16,4614629898.40,5251025767.48,5711687786.76,7215725487.31,8579754757.93,9564815975.15,10489903725.00,11578594259.87,11678424507.25,12614602382.20,13684255946.58,14254866284.65,15013629661.90,15976174336.97,16578820687.29,17271760506.95,18610594846.21,20040642476.98,22715540324.30,26884700709.31,30801745700.45,30745714312.64,37658616951.80,42762613698.96,47231655431.74,50949668841.67,52016408854.27,56441920820.52,58847019609.65,60516044656.52,62420164991.54,64417670521.35,62395610760.05,64960725734.20,69243626028.59,86497941439.02,95350423176.60,
Caribbean small states,CSS,GDP (current US$),NY.GDP.MKTP.CD,1165303060.29,1272022469.11,1356047349.50,1447988752.00,1546223257.53,1658476310.99,1763304085.17,1929997389.28,1980508885.71,2152507805.37,2268330542.34,2457968135.09,2734457344.69,3173389131.65,4201310614.83,4819825581.34,4937767512.99,5937525886.22,6776416498.51,8405785521.39,10876340879.34,11977463255.16,13292712867.03,13189051711.18,13689070378.95,13794627075.91,11773697053.12,12334469174.33,12745727415.76,12606272526.71,13573367099.51,13946896742.21,14242986936.37,13815833341.51,14788599388.74,15732201525.37,16941993239.81,20074931520.31,21643804665.06,23393912390.05,25625542926.45,26504661126.16,27742046925.44,30589389405.90,33597817092.35,38224293958.73,44325879983.22,49739222993.11,57296315261.93,47913515379.12,53047626322.03,56828150706.10,60427163825.08,62064949752.49,64075043973.10,62545153672.03,58073168349.51,59690101434.35,61252081219.87,62185458482.71,53320869430.71,62687149265.45,78506430710.73,79534673452.94,90344593407.05,
Cuba,CUB,GDP (current US$),NY.GDP.MKTP.CD,,,,,,,,,,,5693005200.00,6914658400.00,8135150891.92,9987709650.18,11405957317.07,13027415243.90,13789579902.56,14206158674.70,17844705324.68,19584443287.67,19912889861.11,20150254096.39,20953510235.29,22204940512.22,24039383608.42,22920490774.10,24226574634.03,25213935012.08,27458999472.30,27023468665.90,28645436569.15,24316556025.66,22085858243.24,22367254864.86,28448326756.76,30429803651.22,25017368700.00,25365908100.00,25736331200.00,28364615200.00,30565400000.00,31682400000.00,33590500000.00,35901200000.00,38203000000.00,42643836100.00,48835925925.93,54262870370.37,56302129629.63,57481481481.48,59562962962.96,68990000000.00,73141000000.00,77148000000.00,80656100000.00,87132800000.00,91370407900.00,96850649700.00,100050036100.00,103427600000.00,107352000000.00,,,,,
Curacao,CUW,GDP (current US$),NY.GDP.MKTP.CD,,,,,,,,,,,,,,,,,,,,,,,,,,,,,,,,,,,,,,,,,2120511229.05,2143450726.26,2160784692.74,2202117374.30,2237160502.79,2344637262.57,2457581731.84,2593831508.38,2833476145.25,2869153184.36,2951342793.30,2930092237.27,3012836256.56,3033568606.17,3059406995.40,3058779211.90,3024690188.02,3033433248.16,3046364819.53,3026124115.73,2534327592.50,2739594359.59,3075180834.72,3281419347.37,3561178196.21,
Cayman Islands,CYM,GDP (current US$),NY.GDP.MKTP.CD,,,,,,,,,,,,,,,,,,,,,,,,,,,,,,,,,,,,,,,,,,,,,,,4200288282.10,4466278030.59,4585948969.33,4281714618.03,4156841163.78,4186073160.18,4291004485.57,4405796081.16,4562853582.32,4708167255.29,4909322200.00,5166281293.19,5530178498.91,5941896599.57,5655357984.24,6060813808.15,6660161212.02,7241244269.46,,
Cyprus,CYP,GDP (current US$),NY.GDP.MKTP.CD,,,,,,,,,,,,,,,,489912574.31,576090073.72,734876021.13,964024364.43,1288699776.05,2154311276.95,2087496373.78,2159242416.77,2160364071.19,2278248953.14,2430411900.19,3090734463.28,3704813885.51,4278792597.24,4563482603.55,5591130217.67,5770197348.48,6912150456.32,6590291048.29,7425703928.57,9933137128.07,10011914680.05,9547816419.61,10248618778.28,10497907227.62,9985847313.85,10397898907.10,11420228846.15,14547329558.32,17320551250.00,18433412510.88,20072754986.83,23968727073.64,27844646257.51,26048179949.17,25799940077.61,27641549301.66,25047436974.68,23959712860.83,23225918259.98,19909278416.86,21046462280.60,22946570628.76,25754001367.54,26196667099.53,25555093854.30,30372642502.49,31218038929.09,35075423857.10,37634533331.89,
Czechia,CZE,GDP (current US$),NY.GDP.MKTP.CD,,,,,,,,,,,,,,,,,,,,,,,,,,,,,,,41016881802.48,30071014282.32,35051065440.40,41155654032.18,48188478339.41,60572381311.23,67804105329.86,62539765163.13,67187217327.73,65586562604.86,62175642238.08,68135304463.96,82607869609.57,100435924704.88,120147899983.66,137264185596.10,156236258386.59,190040702286.92,236506264753.95,206971882704.72,211168667286.27,231429378717.31,210363223087.73,213024360541.12,210911285077.68,189107698561.92,198160659303.94,221563575696.22,251992360762.24,256794209028.77,251109660602.54,290972714482.31,301831228325.56,345059295659.91,347034062928.48,
Germany,DEU,GDP (current US$),NY.GDP.MKTP.CD,84619845881.26,96558204043.10,105895435234.34,112232503744.10,123330404665.09,134774688191.16,143304275683.98,145100667772.69,156527292653.16,177733486326.06,216629229947.10,250900942396.70,300899944795.44,399833571167.22,446934971657.47,492434094920.11,521658712132.98,602698323085.99,743182891918.21,884574218333.16,953772499462.02,803404797057.55,779421633755.14,773507930294.91,727767760978.63,735218723093.28,1050092624515.90,1302932318824.81,1406367016371.53,1404092925205.45,1778162195860.07,1875792575132.59,2141377582968.07,2078954217437.60,2215282632276.73,2593053091306.13,2506576553158.31,2218790886532.82,2247760364565.97,2213873468586.88,1966980701145.10,1966381496641.73,2102350798305.89,2534715518349.01,2852317768061.78,2893393187361.87,3046308753670.58,3484056680854.91,3808197720125.00,3478545516683.59,3467093769666.67,3823575803793.78,3596483233406.25,3807023797050.99,3964870735760.77,3425099578746.09,3536787895179.00,3765351626105.89,4055433215301.96,3959894794039.21,3941398957073.94,4355251953410.78,4201021706478.62,4562207532490.28,4685592577804.69,
Djibouti,DJI,GDP (current US$),NY.GDP.MKTP.CD,,,,,,,,,,,,,,,,,,,,,,,,,,340989527.97,,373371738.29,395794538.63,409220087.10,452328087.28,462421998.53,478058304.87,466048469.23,491689220.74,497723960.59,494004647.73,502675542.00,514267869.30,536080148.10,551230861.86,572417440.82,591122039.60,622044665.52,666072101.78,708633194.73,768873684.03,847918929.11,999105339.27,1049110684.72,1128611700.36,1239144501.78,1353632941.52,2044440443.17,2220637966.25,2424391785.44,2604955228.70,2762581334.23,2913464658.09,3088851450.31,3144136196.62,3392796953.09,3562814908.76,3898447007.39,4152145939.98,
Dominica,DMA,GDP (current US$),NY.GDP.MKTP.CD,,,,,,,,,,,,,,,,,,45872947.41,57130215.56,55017758.89,72804653.33,82107391.11,89527576.67,98665191.48,109157070.74,119491932.96,135161958.52,151868754.44,171106184.07,185137242.96,201429629.63,219762962.96,234059259.26,245525925.93,264374074.07,274522222.22,292285185.19,302988888.89,322411111.11,331759259.26,333470370.37,377462962.96,375200000.00,373318518.52,396711111.11,391455555.56,416674074.07,444685185.19,480003703.70,515618518.52,519859259.26,532081481.48,520355555.56,545325925.93,572255555.56,583177777.78,612711111.11,563355555.56,628244444.44,644259259.26,528944444.44,562911111.11,623062962.96,659311111.11,688881481.48,
Denmark,DNK,GDP (current US$),NY.GDP.MKTP.CD,6361166544.50,7058361229.35,7953274741.29,8466044979.88,9677401337.17,10870670865.32,11931740293.04,13059064805.88,13505574133.33,15414902666.67,17075457733.33,19086192720.47,23230667549.25,30718181337.30,34125712480.93,40418967665.59,44503607444.17,49711709588.22,60320089217.71,70393030602.55,70811287815.61,61459941460.54,60084214872.07,60331158447.24,58868891334.99,62452421010.91,87748695216.91,109183446340.07,115540189705.12,112312200760.58,138217740684.48,139180507777.69,152966494259.54,143111306004.10,156017919221.46,184848481008.14,187481157845.72,173241365735.48,176877077513.13,177887720535.54,164043817223.59,164881594415.34,178788209558.31,218421193436.25,251986155630.85,265150087711.99,283386151543.69,320213157595.02,354979471960.14,322619152194.59,322345594075.47,344315595263.18,326792574244.96,344631016965.12,352832602064.45,301758922337.64,312181849372.23,331610593961.99,355293374912.39,345401473012.62,355631021931.62,406110162088.05,400114306337.08,404651706117.56,424524722037.05,
Dominican Republic,DOM,GDP (current US$),NY.GDP.MKTP.CD,672399700.00,654100200.00,824100000.00,940799900.00,1025599900.00,888100000.00,983900000.00,1034800000.00,1079100000.00,1230500000.00,1485500000.00,1666500000.00,1987400000.00,2344800000.00,2925700000.00,3599200000.00,3951500000.00,4587100000.00,4734400000.00,5498800000.00,6761300000.00,7561300000.00,8267400000.00,9220600000.00,11594000000.00,5044579979.23,6122128557.57,5827050753.26,5374299981.50,6686593059.94,7073675544.79,9824483339.95,11605382504.00,13081042400.00,14644734599.48,16637370839.16,18241622547.59,20017450041.31,21672215546.76,22136579396.92,24305780628.67,25601823687.57,27137440786.26,21403167848.14,22322387382.49,35777560683.94,37879830084.26,43965458508.51,48091433554.19,48223781476.89,53801053352.50,57948261615.96,60561635555.64,62555417414.58,67014329099.55,70966782572.44,75552902635.71,79070274743.17,84994732049.35,89146130744.72,78546672406.83,94850719516.71,113478087134.80,120456239153.74,124282245638.57,
Algeria,DZA,GDP (current US$),NY.GDP.MKTP.CD,2723615451.30,2434747055.94,2001444543.92,2702982017.64,2909316435.29,3136284306.85,3039859187.45,3370870376.30,3852147026.77,4257253264.09,4863526896.57,5077183093.89,6766743956.89,8707858912.12,13209871625.90,15557902754.03,17728240932.32,20972113684.96,26364491313.45,33243706859.66,42345829079.21,44348590460.93,45207167470.35,48801369800.37,53698548293.07,57937868670.19,63692007897.38,66745818375.49,59089396860.43,55634721572.73,62048507531.34,45715676428.28,48003133347.00,49945584452.65,42543176828.92,41764291671.77,46941554225.36,48177612042.15,48187781984.49,48640671734.97,54790398570.33,59413400923.64,61516103406.17,73482264190.92,91913680985.17,107046618669.71,123084258693.01,142482739809.85,180383848331.14,150317292079.36,177785053939.53,218331946925.30,227143746075.93,229701430292.16,238942664192.59,187493855609.35,180763839522.15,189880896903.07,194554483655.53,193459662090.68,164873415325.20,186231205262.08,225581644702.57,247923887214.66,269322281664.77,
East Asia & Pacific (excluding high income),EAP,GDP (current US$),NY.GDP.MKTP.CD,80886065110.49,71247395333.07,64989160572.54,70288432260.53,81184317665.92,94594887799.95,103483052014.09,100474855679.92,101580829248.91,114217981695.76,127182556289.61,136580265754.99,155518448869.28,195616567916.78,221665588687.63,248772601176.04,252942981187.16,291532735013.15,282919061354.68,327589016955.70,377947161288.53,403551450432.95,423850572150.82,443839881509.85,480915094642.19,526600751089.37,525182739596.11,519033465046.50,576126858481.93,622836056673.59,667410241508.28,724654932688.97,812994672964.46,892446273872.15,1074481772219.03,1325739943462.75,1523108085146.29,1576765689230.40,1441284604894.45,1587766769203.34,1748618348986.43,1862932027297.40,2063860728539.44,2337899791147.23,2712364424518.89,3140094784139.39,3783276519033.74,4787054921838.08,6062017772754.35,6581352893096.84,8008611577123.89,9774259220654.20,10905337947546.20,12047512338954.10,13004689014662.50,13548904084321.40,13844122751569.40,15115625540264.80,16902110052652.30,17503274977303.30,17805166443182.20,21231425978691.40,21563881384135.80,21644412635340.60,22260810771875.10,
Early-demographic dividend,EAR,GDP (current US$),NY.GDP.MKTP.CD,144721677770.05,157593209302.86,159435896119.12,175994009911.13,201822394409.76,218951522604.69,216877873081.12,228982484399.54,249635352315.78,278946058537.51,296902005244.17,319666547823.28,352709582632.98,451330007897.13,632677956824.66,677326175290.99,739999717047.56,827431694414.62,944725702178.61,1111836214805.12,1382501835902.97,1531909890330.96,1460539930822.80,1474006434239.97,1494712751952.32,1490483608577.59,1498034888889.95,1521911883272.76,1606574808086.10,1634255193569.58,1915433566099.57,2032104613561.74,2207967005422.93,2381953146975.35,2502107597947.33,2616825349456.60,2836341459574.38,3029966854142.86,2921281348182.23,3090855529444.24,3378295866754.26,3351822804548.09,3255787156323.37,3622513779274.76,4209733389066.63,4897834756101.33,5600388912441.22,6631053551528.64,7461798613306.43,7179119134034.64,8719722451021.04,9832704039068.24,10275142735646.40,10330333855700.20,10533364326771.50,10127250782286.20,10423237803666.10,11320553240043.80,11478917653356.50,11686574879191.10,10823343545638.30,12695008338487.80,14034689936337.30,14933453330998.30,15808304487948.10,
East Asia & Pacific,EAS,GDP (current US$),NY.GDP.MKTP.CD,157319051227.59,158550649387.07,162276885099.76,181110123774.70,207928170527.11,231441256707.03,258961623498.60,281428064740.65,310918325049.37,358520931889.83,412911499094.70,458861299357.06,570488659290.28,751994474883.85,867697064525.54,949601251437.20,1044586002622.97,1244835424362.48,1572466264984.33,1707937978688.00,1847683906919.31,2035238690119.80,1993801305392.76,2122245718331.55,2270398820971.54,2394790644030.33,3129485037094.75,3674655679101.68,4417683853665.45,4601033436533.33,4803290180331.83,5427202639061.34,5932829360031.94,6636847751412.67,7425405636883.66,8434543754117.74,8130483838052.50,7772693781558.03,6955954583769.84,7773840546154.07,8412453304524.13,7826463883839.79,7956172633989.70,8753448863353.34,9819681145695.01,10482706260278.90,11119747675836.30,12437519828885.70,14343483215174.20,14764315682393.80,17239317220822.10,19978722203920.90,21382308600766.10,21659293723344.20,22372206647098.10,22299105656919.60,23089672188769.40,24656162308335.20,26853593303707.30,27427259967363.20,27578839610232.40,31675719814404.90,31266291368260.60,31417826880875.00,32017179839273.00,
Europe & Central Asia (excluding high income),ECA,GDP (current US$),NY.GDP.MKTP.CD,,,,,,,,,,,,,,,,,,,,,,,,,,,,235133242045.12,260714658021.75,296012494754.96,354156720158.53,341086296065.28,328451120556.59,339235852060.50,265716719680.27,373845229870.83,395413043255.68,420614588838.23,421386465145.89,384488217104.01,391259402609.02,335649212545.44,390532064568.54,498092410579.85,641341376416.65,798897294908.65,929637643372.55,1171542215920.56,1402429749896.00,1169814065612.09,1385078523367.67,1574244960285.95,1658983451713.25,1808692800315.95,1735229369225.69,1510474002479.16,1450171284448.80,1499595960769.30,1477488205993.51,1508679974755.36,1446077189727.52,1680958734568.53,1820242864725.10,2143244215113.25,2451180144505.47,
Europe & Central Asia,ECS,GDP (current US$),NY.GDP.MKTP.CD,426666341076.39,469524853748.69,513405546288.52,561372802906.34,620449239016.73,676603823141.81,731699507285.10,777321336439.05,818734190049.16,907972467404.46,1020812176391.15,1152050722008.06,1381315333741.31,1757146541396.18,1985792691039.95,2319533111918.75,2411368600960.78,2728001349943.93,3344297397044.40,4077590131182.29,4609261411538.92,4105756738593.04,3957248458690.98,3837932762271.18,3689517973067.84,3817565719211.53,5207541274400.03,6431748582275.98,7161818798652.39,7257702652999.90,8870877140631.40,9137253599154.58,9787841972924.53,8995004729126.83,9408650267542.72,10942224071349.10,11170753659602.90,10606870959652.70,10802596787884.90,10693108477805.90,10084357140368.80,10189029938417.10,11156577456679.80,13567083586398.50,15814841560656.90,16835012218380.20,18236819891061.40,21308302318715.60,23453627549028.20,20648444471712.40,21118677014368.30,23432000301407.50,22560574822089.80,23574066317473.40,23920533649825.00,20603435735279.50,20528432079127.40,21791487069281.70,23342642668393.30,23067540030248.60,22322527185686.70,25572901699926.60,25798700454390.60,27732942821913.50,29291828957768.80,
Ecuador,ECU,GDP (current US$),NY.GDP.MKTP.CD,2069464937.20,1753850955.06,1518207703.49,1824343870.71,2244146102.98,2387047395.70,2429308638.84,2553595172.09,2582179864.15,3112165727.38,2862503139.00,2754219271.03,3185986087.34,3891754150.24,6599257044.12,7731674472.07,9091921030.17,11026342618.11,11922497876.48,14175160902.07,17881508242.45,21810759353.73,19929846396.42,17152477036.50,16912509091.86,17149088413.35,15314138472.33,13945426859.47,13051881851.41,13890823704.55,15239272611.58,16988535267.63,18094238119.06,18938717358.68,22708673336.67,24432884442.22,25226393196.60,28162053026.51,27981896948.47,19645272636.32,17539454727.36,23127055000.00,27054197000.00,30965208000.00,35194947000.00,40278849000.00,45690762000.00,49848725000.00,61139438000.00,60094978000.00,68151329000.00,78986648000.00,87735048000.00,96570334000.00,102717794000.00,97209558000.00,97671433000.00,104467486000.00,107478961000.00,107595830000.00,95865473000.00,107179074000.00,116133121000.00,121147057000.00,124676074700.00,
"Egypt, Arab Rep.",EGY,GDP (current US$),NY.GDP.MKTP.CD,4206270352.23,4494575611.21,4035462027.40,4187146231.57,4709245761.68,4948667540.41,5278005611.91,5605484298.98,5932242990.65,6524455205.81,8042200452.15,8609283346.09,9299638055.84,10098534613.44,9228963224.60,11632178868.92,13315988083.42,14400806875.99,14811704063.07,18020571428.57,21669908176.39,22136081081.08,27655172413.79,30966239813.74,33971188991.61,39053502251.07,41253507951.36,40455616653.57,34980124929.02,39756299049.98,42978914311.35,37387836490.53,41855986519.42,46578631452.58,51897983392.65,60159245060.45,67629716981.13,78436578171.09,84828807556.08,90710704806.84,99838543960.08,96684636118.60,85146067415.73,80288461538.46,78782467532.47,89660339660.34,107426086956.52,130437828371.28,162818181818.18,189147005444.65,218983666061.71,235989672977.63,279116666666.67,288434108527.13,305595408895.27,329366576819.41,332441717791.41,248362771739.13,262588632526.73,318678815489.75,383817841547.10,424671765455.70,476747720364.74,395926075163.01,389059911003.57,
Euro area,EMU,GDP (current US$),NY.GDP.MKTP.CD,251618036413.21,280078203910.32,309694923223.86,340786490149.60,377598986539.21,412774576471.61,446517615235.84,474428505593.99,509988879945.72,569734708021.54,645500835842.67,731657047532.38,883626753918.74,1146929346320.65,1300640475270.60,1507769269988.61,1573201555133.45,1790121849729.20,2191877722237.84,2655412251166.70,2973694924193.75,2583763815177.70,2500976094855.11,2440096224414.65,2341108054746.11,2404986753295.59,3377295853623.19,4177529771751.75,4594903614804.26,4693107413339.75,5905615266811.65,6127707302712.63,6750506224912.11,6180487033219.20,6531158637825.70,7540043718350.13,7629501026055.96,6977670410602.33,7174357611624.96,7148860255013.26,6528628817962.73,6631899417554.06,7241862819845.99,8921228124667.76,10231007049211.60,10611825457675.70,11288300255552.10,13000311540976.40,14295718485782.50,13083077526585.90,12784744616370.50,13808563263632.60,12784947379630.90,13357283141903.10,13682058707498.00,11829834353286.10,12123283574466.50,12841960349280.80,13871778197583.70,13589774677631.30,13267554461613.60,14924551716260.40,14488160081806.70,15854782417877.00,16485444160371.00,
Eritrea,ERI,GDP (current US$),NY.GDP.MKTP.CD,,,,,,,,,,,,,,,,,,,,,,,,,,,,,,,,,477101651.65,467872714.76,531688311.69,578015625.00,693535954.19,686490090.14,745523116.90,688918537.12,706370815.58,752371688.74,729321680.15,870248267.55,1109054005.44,1098424685.66,1211161879.67,1317974491.06,1380188800.00,1856695551.22,1589515447.15,2065001626.02,,,,,,,,,,,,,,
Spain,ESP,GDP (current US$),NY.GDP.MKTP.CD,12424514013.76,14238126759.73,16609632790.58,19631714759.65,21966876027.25,25479619606.53,29559436182.92,32570905397.29,32394326463.76,37090689287.86,40963715236.51,46586119760.48,59090176028.99,78583355225.59,97204522642.05,114695060869.57,118422534195.47,132354665936.47,160484969618.06,214448666336.14,232600556973.78,202663023968.28,195856752991.07,170829074245.94,171979977230.39,180664322896.28,251141555185.93,318520253335.13,375891716897.59,414460794096.98,536175326477.31,576753902321.86,630465353486.10,524700572623.87,530183651720.28,614170002668.80,642251412058.32,589739772727.27,618731484575.12,634394904386.87,598102854756.08,627798682378.74,708938227243.92,907963217057.65,1069829382514.67,1154667551775.88,1261846683275.29,1476746276854.51,1636115447612.50,1496587590847.66,1427989078916.67,1487568659241.25,1330994811670.31,1362186923157.65,1380244561361.96,1206164777553.12,1243015667917.12,1321754088818.83,1431642809327.06,1403496387686.27,1289783836971.21,1461244901852.69,1448850658406.62,1619481980719.64,1725671652742.19,
Estonia,EST,GDP (current US$),NY.GDP.MKTP.CD,,,,,,,,,,,,,,,,,,,,,,,,,,,,,,,,,,4013091682.29,4123011419.74,4502970889.06,4786018988.16,5154420649.23,5674080542.89,5756912265.76,5686579747.54,6250218422.70,7370119619.48,9876595528.46,12148595031.06,14109491356.80,17025671810.31,22450264166.44,24342935403.54,19633984440.12,19524355419.04,23303915794.76,23237406116.40,25451032780.76,27055689003.00,23311847750.94,24561027787.79,27469461919.12,31222632740.72,31873748770.03,31820771493.90,37201101170.58,38226641740.29,41470344395.11,43130419829.35,
Ethiopia,ETH,GDP (current US$),NY.GDP.MKTP.CD,1610511693.84,1680859514.10,1747566307.10,1825058827.84,1984129185.60,2159998591.20,2324466416.00,2461762002.80,2619948864.80,2768987372.00,3045354454.80,3224280834.97,3520252938.26,4070570549.86,4577209966.18,4577047854.11,4943806093.24,5651840584.54,6014961434.78,6586048398.07,7012585454.11,7507663566.67,7899988840.58,8781664427.05,8298309580.68,9717392686.96,10094328898.07,10790001557.97,11181119717.87,11762932007.25,12478943895.17,13799799323.67,10754799036.57,9051043870.12,7100806753.93,7855205206.93,8761215548.49,8803539988.33,8013274131.70,7892973531.80,8242349617.86,8231326016.47,7850809498.17,8623691300.04,10131187261.44,12401139453.97,15280861834.60,19707616772.80,27066912635.22,32437389116.04,29933790334.34,31952763089.33,43310721414.08,47648276605.01,55612228233.52,62103418181.82,68475871209.61,76366081766.67,83337901071.97,91834517112.63,98676811061.40,109070960371.86,123140304666.00,135874093202.49,149740297952.99,
European Union,EUU,GDP (current US$),NY.GDP.MKTP.CD,285151593517.87,316957315284.25,350242479710.82,384746828593.34,426774574129.45,467012617276.64,505529224628.47,538186984638.65,577537349543.93,644490038737.55,728936354558.50,823997564740.86,993807576357.32,1285760453749.93,1455564730991.18,1694691860215.15,1775046705220.48,2011021369358.25,2449229543717.81,2960086312677.68,3311398072837.09,2890050505826.48,2787868117631.33,2710862889681.46,2612656839102.00,2686730457063.81,3753266239108.06,4639614022608.17,5094084472960.00,5202884439938.86,6505695339260.16,6727631751634.05,7389295673878.14,6750807644414.01,7157908667157.89,8298352822403.70,8433614719069.70,7735885029565.07,7970103042535.26,7936107808460.76,7288481048952.25,7407615944962.44,8100430284893.67,9956860723577.65,11449101966447.20,11954349375612.00,12768357074578.40,14789471689508.00,16364455236166.70,14844813523140.00,14641773544950.60,15874713437636.10,14731876146120.70,15398507628838.60,15763596442222.60,13656252620703.30,13988147697216.60,14871313684625.80,16092403309151.50,15809073096211.40,15504055464107.40,17495226733585.20,17023612496380.40,18659133072074.80,19497115588443.60,
Fragile and conflict affected situations,FCS,GDP (current US$),NY.GDP.MKTP.CD,34029503593.01,35534363196.69,39268957404.89,44880094682.09,40614223625.49,44620716060.02,47607568997.47,46953517458.69,51877513129.79,58222824529.06,69337148733.78,71407461835.18,82669328910.77,102251839628.80,153919142856.21,168821163379.00,200509609303.93,221370987598.48,242767598948.43,305997104049.97,388229877017.35,510372306576.13,486768808046.11,420187399132.03,378000797274.67,384377742170.64,354355843392.20,356312604369.47,387019746762.66,383035643113.57,546007306640.06,386413970742.20,344196008915.93,350711816129.84,352567008669.32,430901808099.08,465760648426.24,521200354329.85,535179642435.45,399400020821.85,466929248691.91,457048079382.21,446089285308.40,469847559925.42,595876444368.30,756354101430.87,947253259627.88,1160668758510.72,1484312853576.30,1342615105225.82,1596645964256.64,1665506572724.03,1855874824709.61,1825595058878.45,1787605499773.02,1481660318787.67,1358130757341.27,1443031828638.41,1556210403398.50,1811454247630.60,1610227321244.27,1740335947472.93,1918272363969.18,1778723185468.20,1652895518697.74,
Finland,FIN,GDP (current US$),NY.GDP.MKTP.CD,5279481824.13,5984433774.42,6407796042.70,6958916548.13,7848987792.54,8680393838.88,9306142171.60,9468272357.10,8916565040.55,10177524838.90,11358529161.95,12528522307.47,14744499569.83,19474098335.15,24851036710.26,29475251333.44,31852352669.64,33502784417.88,36259392057.76,44469218439.93,53649984061.21,52440066133.92,52784013815.22,50956447480.79,52870993272.66,55856676899.46,73511611541.17,91564993913.16,109039090262.97,118991270611.06,141446120354.53,127794441993.82,112537828510.75,89112105756.22,103182697780.31,134060457516.34,131991975148.85,126862902302.14,133990876724.52,135234241918.15,125967821110.59,129519672868.90,140360963811.77,171612867735.69,197458297639.77,204859368790.66,217044068234.12,256360251537.65,285698662071.09,253480783439.45,249429613683.33,275126915515.57,257443384492.97,270268036626.28,273478528954.90,233210733506.25,238777818792.61,253846138440.00,273869255596.08,267014821129.41,270000311606.23,294223210496.12,280253099309.34,295021982462.75,298696961297.66,
Fiji,FJI,GDP (current US$),NY.GDP.MKTP.CD,112328422.11,116987784.91,122906434.96,129454728.62,140032741.47,147084750.03,150603925.52,162625885.86,166952937.14,182182067.70,219878482.17,247749327.72,316656648.70,425950487.52,558587097.38,684282434.36,694540806.38,719501765.78,829267889.43,1019691460.17,1202618816.21,1235626770.51,1194059943.22,1123085190.07,1178000678.00,1141168943.98,1290267339.65,1177947965.12,1110009522.76,1182660265.77,1337017559.50,1383883249.59,1532411039.05,1636101246.94,1825732092.55,1970301486.21,2128696643.63,2090221137.03,1653146716.58,1936459986.04,1678219507.90,1652462023.46,1833279985.37,2300492465.32,2708078476.63,2980403844.72,3076305452.87,3378314599.76,3523185919.56,2870624635.68,3140166712.80,3779411899.37,3972028104.47,4189967998.51,4857104768.87,4682479893.98,4930213644.37,5353469174.48,5581425327.44,5344907153.47,4227719873.39,4158873156.18,4977861885.60,5476673518.14,5968125909.27,
France,FRA,GDP (current US$),NY.GDP.MKTP.CD,61959085885.34,67158050215.05,75196980365.03,84227606649.87,93424179943.35,100927668584.29,109306730313.22,118088635380.95,128710572572.44,140660914840.59,147312861698.36,164694210962.47,201738881664.50,261970536240.42,282739225313.69,357324307786.45,368363152144.22,406401711687.62,501724418604.65,608218624730.19,694529183483.39,609184791792.40,578152310609.84,553356312935.71,525033325827.52,547220981165.13,764946585850.93,926320855614.97,1010827662151.75,1016742237302.08,1257649439826.53,1258961748633.88,1389663073110.28,1314383368079.69,1385822778827.98,1595219345511.89,1598889216566.23,1449392222971.45,1496906382032.47,1486915879701.93,1360959069477.49,1370376677298.86,1492427756382.43,1835095983049.09,2109792297237.03,2192146403028.17,2317861544690.82,2655816911866.56,2926802941585.86,2700075882518.98,2646230027988.34,2870408553990.28,2683007095787.23,2816077607875.26,2861236112552.42,2442483452642.50,2470407619777.13,2588868323334.71,2781576320884.39,2722793515171.76,2647926055110.05,2966433692008.09,2794788137066.94,3056250648138.29,3160442622465.08,
Faroe Islands,FRO,GDP (current US$),NY.GDP.MKTP.CD,,,,,,57954522.42,64397131.08,66225403.56,65186666.67,70106666.67,84933333.33,99219082.85,119335897.82,161236465.82,196771070.90,227404436.01,270470345.45,347798304.64,397833034.88,448568492.66,493014300.01,456244919.01,444047495.32,486605127.70,426008864.69,459307281.20,688914288.88,886508622.33,968576956.93,871935350.38,960805408.95,909253214.83,912670413.33,760957189.76,758739178.61,901404709.83,989536914.66,933763083.40,1104744235.30,1127684827.36,1067109530.65,1160268212.07,1275093689.27,1501941580.89,1724770770.83,1759739599.23,2017680834.90,2339015313.30,2489873249.63,2296065170.06,2331796784.36,2505740669.27,2427200388.92,2690110520.93,2914012679.27,2573905971.05,2813278868.78,2980057377.88,3188600927.47,3266432734.23,3271813311.58,3699551717.11,3615241800.50,3943131022.23,4052937169.77,
"Micronesia, Fed. Sts.",FSM,GDP (current US$),NY.GDP.MKTP.CD,,,,,,,,,,,19885926.00,21783158.00,25100928.00,34821467.00,46095175.00,46119184.00,46813193.00,47305560.00,53656834.00,60270778.00,64186644.00,76472529.00,80055706.00,84110353.00,84676118.00,101931941.00,112210000.00,116700000.00,124700000.00,135200000.00,147200000.00,166200000.00,178100000.00,198400000.00,202500000.00,219930003.35,216545996.90,204397167.48,216520601.07,217198869.13,229616847.56,236387710.83,237654335.84,240949861.08,235538109.22,245905050.83,248583534.79,252011254.24,258124736.28,274654606.94,290638857.06,306799375.53,322838077.58,312808581.66,313994033.97,310175057.80,325000000.00,359000000.00,392000000.00,394000000.00,372902700.00,391601900.00,415956900.00,441469400.00,471425099.49,
Gabon,GAB,GDP (current US$),NY.GDP.MKTP.CD,141468977.80,167637907.12,182796536.27,154480244.06,215679855.34,226474285.78,245849781.27,271543680.05,294468564.25,318124701.48,323802475.51,381687072.62,430508358.51,722780701.30,1544216001.66,2157592940.04,3009409974.27,2809349069.22,2389479271.67,3030251120.10,4279637942.25,3862269120.53,3618007841.14,3391275731.54,3561451560.51,3339914757.23,3403638189.20,3281797043.05,3834503376.03,4186411463.86,5952293764.85,5402919784.57,5592390827.40,4378645081.02,4190819344.22,4958845648.05,5694040002.90,5326817114.54,4483417309.83,4662992036.21,5080483628.53,5023265413.26,5335451099.88,6511903365.48,7770219008.21,9582783990.85,10327598306.46,12455409587.34,15571348344.34,12113699068.25,14372593020.29,18210307743.58,17170464016.06,17595744798.34,18203966895.84,14383107762.70,14023890265.37,14929487485.16,16867326401.96,16874405465.39,15342236163.99,19444935097.24,20440655695.18,19388372070.98,20895684425.68,
United Kingdom,GBR,GDP (current US$),NY.GDP.MKTP.CD,73233967692.10,77741965703.35,81247564156.82,86561961812.32,94407558351.16,101824755078.99,108572752102.05,113116888210.79,107759910067.89,116464702803.22,130671946244.30,148113896325.14,169965034965.04,192537971582.56,206131369798.97,241756637168.14,232614555256.07,263066457352.17,335883029721.96,438994070309.19,564947710899.37,540765675241.16,515048916841.37,489618008185.54,461487097632.35,489285164271.05,601452653180.89,745162608269.33,910122732123.80,926884816753.93,1093169389204.55,1142797178130.51,1179659529659.53,1061388722255.55,1140489745944.29,1349094208616.06,1425287051482.06,1569317288801.57,1660821464060.95,1693458987218.90,1671597821152.97,1656171009068.66,1790536570743.41,2061227755102.04,2429774807762.72,2551361818181.82,2719558417663.29,3104699879951.98,2945251838235.29,2429358155475.93,2496740681057.14,2675590034128.66,2719715961539.83,2796908333283.39,3085362169410.29,2945579890258.46,2706807606538.73,2699118387873.10,2897028009916.05,2875710080015.30,2724001478304.59,3194559188925.93,3181244350465.41,3420796653789.08,3686033044482.13,
Georgia,GEO,GDP (current US$),NY.GDP.MKTP.CD,,,,,,,,,,,,,,,,,,,,,,,,,,,,7321981333.68,8833588173.40,8902632715.25,7735927263.59,6324503311.26,3690328963.64,2701181331.31,2513867645.13,2693732611.82,3094936177.19,3510520231.21,3613497316.55,2800025882.72,3057475335.19,3219462262.01,3395766677.67,3991377904.13,5125365191.99,6410912049.87,7745250733.95,10172931088.57,12795145130.91,10766920065.83,12426907967.16,15475290469.29,16894392033.23,17517660143.69,17966015109.30,15223796148.84,15444548901.96,16473125375.07,17902544880.65,17638337116.91,16010869215.68,18853115588.81,24984568959.61,30777833600.65,34189423545.00,
Ghana,GHA,GDP (current US$),NY.GDP.MKTP.CD,1217230094.97,1302674324.88,1382515654.47,1540797588.57,1731296199.52,2053462968.04,2126300672.23,1747187644.90,1666909517.65,1962050555.78,2215028588.46,2417108577.53,2112293279.99,3006766758.44,2894409937.89,2810106382.98,2765254237.29,3189428571.43,3662478184.99,4020227920.23,4445228215.77,4222441860.47,4035994397.76,4057275132.28,4412279843.44,4504306722.69,5735677433.83,5074829931.97,5197765031.65,5251858439.87,5889106573.46,6603185267.80,6416103925.83,5968922939.37,5446383726.77,6464382807.68,6932991739.38,6891443192.25,7482069162.42,7718109982.26,4982850662.21,5314872854.44,6166197847.85,7632723555.66,8881417906.71,10744568381.45,20885037596.70,24827339138.49,28679383241.07,26048720005.52,32197655566.53,39336668080.56,41271701060.95,62845721959.83,54678533805.91,49436806230.48,56144179397.85,60385409434.86,67259353965.61,68352629246.16,70008243859.87,79514204730.40,73919003209.99,80547146878.38,82308110386.46,
Gibraltar,GIB,GDP (current US$),NY.GDP.MKTP.CD,,,,,,,,,,,,,,,,,,,,,,,,,,,,,,,,,,,,,,,,,,,,,,,,,,,,,,,,,,,,,,,,,,
Guinea,GIN,GDP (current US$),NY.GDP.MKTP.CD,,,,,,,,,,,3220224607.82,3594302908.06,4203069035.01,5152080387.56,5691417541.34,6102769605.43,6762781870.62,6914381290.57,8087305999.06,8877094497.45,9746524915.08,9646440666.53,11926032493.43,15129893722.34,18421497251.18,22787644565.91,2909130355.24,2976714019.07,3476480303.12,3546079262.95,3888320665.52,4396178694.15,4789220416.71,4781166116.52,4932800406.93,5385704166.43,5641243099.77,5516916163.09,5232118046.37,5046806782.55,4367458866.72,4125527603.23,4301608752.51,5025167975.26,5300767960.52,4282468636.91,4220019845.26,6281918226.34,6964179983.17,6716905339.73,6853467145.53,6785137203.33,7638044556.85,8376613539.28,8778473372.82,8794201742.85,8595955222.50,10324668271.14,11857030366.79,13442861496.45,14088693742.95,17069115737.83,19910452541.92,22407615556.06,25008678293.41,
"Gambia, The",GMB,GDP (current US$),NY.GDP.MKTP.CD,,,,,,,44212081.35,46695006.96,41160065.86,45168072.27,52296083.67,55728663.22,59160569.48,75187749.10,95796021.69,115179719.08,112190829.47,138093099.10,171833086.02,207112627.73,241083090.30,218767743.46,216050552.30,213448584.94,177340880.09,225726358.89,185646986.82,220626484.22,266672211.93,284120329.40,317083695.48,690311080.52,714254256.12,755040974.09,746493951.90,785999864.84,848239446.22,803633342.47,840285264.63,814724032.07,782913871.81,687410645.06,578235309.33,487038685.05,961900651.42,1027701067.56,1054112487.74,1279703047.02,1561766955.73,1450142508.58,1543294926.87,1409693596.94,1415004738.27,1375609453.44,1229461721.41,1378176608.93,1484578885.97,1504909462.70,1670671327.82,1813609692.50,1812170891.19,2014158842.15,2204734527.88,2382262184.68,2404888749.22,
Guinea-Bissau,GNB,GDP (current US$),NY.GDP.MKTP.CD,,,,,,,,,,,204670550.76,204167296.86,227986203.30,232331281.36,256769730.26,283311996.82,292152321.49,298871674.86,318876550.43,308143183.31,287648258.26,402230865.15,430284021.88,425225176.81,359980490.73,373959151.15,338524232.57,451893374.96,427514321.53,554072302.83,634187269.24,668470890.79,588309271.29,615779518.81,612502084.80,660195402.01,702965147.57,698107222.42,591034143.43,579365780.14,391345597.49,412610871.51,466773711.24,553614800.15,582169841.30,639776040.69,634781901.25,753162998.02,952667544.04,890167833.37,940112538.94,1157074319.19,1049412177.11,1109682824.14,1135250721.04,1152384166.80,1245074264.10,1469978606.12,1554133593.92,1596227316.35,1705057581.10,1908094558.34,1859601384.06,2127688181.12,2218393804.55,
Equatorial Guinea,GNQ,GDP (current US$),NY.GDP.MKTP.CD,,,37253333.33,44266666.67,51915000.00,64748333.33,69110000.00,72317446.93,67514285.71,67225714.29,66331428.57,64946954.76,65429198.24,81203226.91,94159862.71,104295643.39,103653049.94,103987520.08,,,50642880.77,36731422.85,44294647.73,44442456.95,50320914.41,62118569.97,76407395.87,93345859.53,100534656.88,88265974.86,112119411.49,110906028.54,134707183.85,136047906.25,100807002.54,141853360.87,232463022.80,442337870.69,370687634.43,621117885.67,1045998496.44,1461139022.03,1806742742.27,2484745935.09,4410764338.67,8217369092.65,10086528698.86,13071718758.74,19749893536.32,15027795173.22,16314443436.29,21357343668.94,22388344143.91,21948834283.79,21765453081.98,13185496881.02,11240808847.89,12200913878.98,13097012133.62,11364133549.75,9893816007.74,12215878032.72,13687643435.62,12337550583.75,12765777677.06,
Greece,GRC,GDP (current US$),NY.GDP.MKTP.CD,4274890306.83,4892397431.33,5140542929.42,5813285626.64,6576906345.12,7582209670.27,8472021466.87,9146592855.68,9950331205.83,11454106327.08,12957113636.36,14388806818.18,16650659090.91,22037019562.72,24998715909.09,28129128586.61,30719552238.81,35673080481.04,43654480519.48,53724121435.14,56039256594.72,51618456334.56,53858346938.78,48741397058.82,47352146311.97,47155741426.10,55595445472.25,64739630095.62,75200610136.92,78067933277.38,96529587274.29,103680863712.84,114608178405.43,107295704518.43,114980063202.25,134974613913.81,142502984144.96,138766067640.09,139612812175.72,137131371955.31,125760166224.81,132050474720.03,150253800085.87,196930509813.38,234979615898.23,242315668619.41,269073415333.68,314226996944.11,351121399546.49,326829054686.31,296417644404.03,283228079776.04,238841140018.23,236556279640.71,233911581521.06,194567373678.10,193097239005.87,200381103984.30,213298873494.39,207305649887.02,191362985554.86,218303801895.33,217990189600.69,242946187738.27,256238371778.12,
Grenada,GRD,GDP (current US$),NY.GDP.MKTP.CD,,,,,,,,,,,,,,,,,,71494495.19,88322386.30,102244362.22,110900457.04,115651918.89,125435590.00,131803552.22,145533310.74,167728455.19,187589522.59,215009569.63,236357523.70,267327642.22,278098762.96,300757888.89,310160444.44,309812185.19,325111814.81,342172518.52,366911444.44,392190592.59,445903592.59,482009370.37,520044370.37,520444185.19,540336925.93,591018407.41,599118592.59,695555555.56,698700666.67,758683592.59,825976037.04,771275555.56,771014814.81,778655555.56,799881481.48,842618518.52,911496296.30,997007407.41,1061640740.74,1125685185.19,1166514814.81,1213485185.19,1043411111.11,1122222222.22,1224007407.41,1336418518.52,1371918518.52,
Greenland,GRL,GDP (current US$),NY.GDP.MKTP.CD,,,,,,,,,,,69520026.67,88466738.25,106101297.80,140153748.24,169918948.63,211190630.33,240779417.79,282269749.16,355987433.42,420645821.54,476051740.77,435748993.42,402403041.03,416184071.02,379371901.49,412876382.83,603016292.69,787390408.95,898607670.62,929799902.19,1018977280.33,1016500069.26,1037916162.55,927214151.77,1005887539.32,1208953287.07,1197515569.08,1072154433.85,1149858069.76,1131555107.05,1068025016.01,1086170703.98,1169136716.04,1558759823.08,1822499769.24,1849802648.36,2013106929.50,2249811295.66,2499092314.42,2529963903.23,2503167187.49,2684461375.47,2609678486.37,2684946990.12,2842065708.36,2499113022.82,2707139544.47,2851613679.03,3055782146.16,2997309971.88,3089625554.40,3293578467.57,3152334771.78,3326543974.39,,
Guatemala,GTM,GDP (current US$),NY.GDP.MKTP.CD,1043599900.00,1076699900.00,1143600000.00,1262800000.00,1299099900.00,1331399900.00,1390700000.00,1453500000.00,1610500000.00,1715399900.00,1904000000.00,1984800000.00,2101300000.00,2569200100.00,3161499900.00,3645900000.00,4365300200.00,5480500200.00,6070600200.00,6902600200.00,7878700000.00,8607500300.00,8716999700.00,9050000400.00,9470000100.00,9721652086.96,7231963515.98,7084399840.00,7841602824.43,8410724360.80,7650196845.22,9406135143.41,10440781587.54,11400017301.46,12983233310.75,14655404433.28,15674835615.31,17790026221.61,19395491992.99,18318412251.36,19288929030.05,18405220247.44,20444205991.03,21576351798.91,23577298094.66,26783389293.92,29744246827.18,33567850824.10,38503720224.32,37126148264.64,40676578423.49,46876006272.24,49593929487.13,52996420177.44,57852159007.62,62186066547.66,66053408205.88,71653780740.42,73328356007.62,77172331693.41,77719468248.37,86455522272.74,95641446500.65,104368755054.60,113199581158.20,
Guam,GUM,GDP (current US$),NY.GDP.MKTP.CD,,,,,,,,,,,,,,,,,,,,,,,,,,,,,,,,,,,,,,,,,,,3394000000.00,3569000000.00,3869000000.00,4213000000.00,4238000000.00,4397000000.00,4658000000.00,4828000000.00,4949000000.00,4984000000.00,5265000000.00,5399000000.00,5610000000.00,5799000000.00,5901000000.00,6013000000.00,6051000000.00,6355000000.00,5916000000.00,6234000000.00,6910000000.00,,,
Guyana,GUY,GDP (current US$),NY.GDP.MKTP.CD,170216241.13,185849535.38,194949512.63,175757893.94,194774513.06,213235294.12,228705882.35,250176470.59,229750000.00,249300000.00,267800000.00,282050000.00,285380952.38,307047619.05,433954545.45,494791666.67,454440000.00,449880000.00,507080000.00,530440000.00,603200000.00,570357107.14,482000000.00,489333333.33,437631605.26,453488372.09,504651139.53,354591846.94,413799990.00,379779389.71,396582263.29,348533094.81,373573141.49,454101382.49,540874934.20,621626785.92,705406001.42,749138009.56,717530683.17,694754988.26,712667896.73,712167450.16,726131434.72,743063950.32,787814379.18,824880550.34,2379817990.69,2730971595.40,3025187433.34,3165663152.73,3432912516.92,3691384317.52,4063088535.76,4167800928.84,4127660151.81,4279840193.70,4482697336.56,4748174334.14,4787636997.85,5173760191.85,5471256594.72,8041362110.31,14718388489.21,16918503597.12,24662709832.13,
High income,HIC,GDP (current US$),NY.GDP.MKTP.CD,1093432780325.21,1166232450158.12,1261142948234.92,1356475376143.07,1482593892873.19,1611497243980.64,1763379068928.37,1883767863914.37,2043305595056.53,2252164756856.39,2472351752906.21,2746785744349.68,3190539759998.60,3870418015726.99,4377486307751.17,4884197559212.61,5319434063684.19,6022080072395.29,7229254173813.56,8355728642468.63,9328366481069.83,9469804750495.83,9376036390679.13,9686285915250.15,10098746534234.00,10596810326464.40,12871282221512.20,14923330650922.70,16796441297838.60,17494368252472.00,19592605087712.90,20676762469983.80,22141754501799.40,22299634718529.30,23852769860430.30,26474870169753.20,26689298657110.50,26256013657064.40,26213249677353.10,27456861030445.70,28095358385203.20,27871346372991.90,29087762156088.10,32653648831585.90,36479616795556.80,38739967108318.80,41125462538928.40,45259229716492.90,48511546178932.70,45121580672151.60,47537047603466.00,51761995686417.40,51943717152963.80,52667085148262.90,53550117992137.30,49977567874625.50,50927970256186.10,53524059312874.90,56920619917132.10,57456170925405.30,55889737341875.40,62745314846357.30,65081334214971.50,68449582732271.40,71321142708251.10,
"Hong Kong SAR, China",HKG,GDP (current US$),NY.GDP.MKTP.CD,1320796651.69,1383681651.14,1612346412.26,1935298266.45,2206466461.26,2435078534.03,2489845016.65,2692474989.13,2716964388.42,3189740055.14,3800766535.62,4476001946.01,5710090213.15,8030117555.62,9388695366.85,10048089558.06,12876366008.81,15719433719.43,18315136409.14,22526184533.17,28861857810.65,31055226088.69,32291215843.64,29907227184.18,33511383985.67,35699772165.71,41075396884.90,50622896162.60,59707404560.59,68790219177.97,76928784620.82,88959997899.93,104272507639.28,120354212475.00,135811771026.33,144652295363.67,159718183550.73,177353174849.71,168885443660.07,165768095391.56,171668891194.35,169404327616.61,166348866131.03,161385558801.81,169099768875.19,181569311742.21,193535442896.37,211596944503.80,219278749139.73,214047795659.05,228638668727.29,248513617677.29,262628865879.70,275696879834.97,291459995978.89,309385622601.35,320860317562.56,341273289534.47,361731070995.73,363074545072.39,344943149590.06,368954169748.82,358679533984.72,381043026173.94,406863396487.34,
Honduras,HND,GDP (current US$),NY.GDP.MKTP.CD,475650000.00,503300000.00,532450000.00,553500000.00,591100000.00,651050000.00,692150000.00,750950000.00,815450000.00,844400000.00,904400000.00,958450000.00,1030645362.10,1128299435.85,1243000000.00,1330050000.00,1589300000.00,1900700000.00,2393650000.00,2778900000.00,3184400000.00,3501800000.00,3619500000.00,3840550000.00,4029900000.00,4328300000.00,4706100000.00,5024800000.00,4892660944.21,4375896551.72,3734460116.73,3699381195.10,4122846905.18,4190773622.26,4105686899.44,4672346193.95,4798834459.46,5569178707.22,6163707533.23,6394090592.33,7186638029.06,7651162302.35,7858255412.86,8230391346.67,8869299234.34,9757012696.56,10917477066.14,12361257680.56,13881731875.75,14587496229.18,15839344591.98,17710275685.41,18528554397.57,18499729214.90,19756533971.87,20979791685.42,21717604952.18,23136247990.60,24067750760.50,24882225741.81,23352232483.76,28144331506.61,31426041806.80,34355805527.98,37093565854.04,
Heavily indebted poor countries (HIPC),HPC,GDP (current US$),NY.GDP.MKTP.CD,21923722127.74,22627709232.40,24599541748.70,28893534515.89,26878565172.48,30407034659.82,32971073893.34,32488675063.87,34994461970.32,38503260469.21,37181536760.13,40099504488.52,44564788726.18,54553562932.06,64257354956.93,72350863415.61,77585497906.31,89885368488.99,104622112017.93,114929806433.13,127259629229.98,127910339912.96,129278372851.55,128221978068.54,130635964994.74,137196640367.64,126219299823.03,134509036368.91,141558264239.37,144132297739.58,165447183504.81,180013449210.47,136844691209.86,142051421908.73,121514084285.90,141395905527.68,154688747451.05,161933433655.46,167620980707.50,168431404824.20,181929508086.71,175879852361.52,190891346466.40,216610034974.43,249571115303.20,288591119560.47,338993250532.89,404372280163.21,481623936903.30,475213799056.47,518754130151.75,573517854715.37,595155344078.42,667314194885.70,705465847008.08,674606540074.90,677200621773.19,735068264238.84,790373898773.38,811372254522.34,816029422839.45,924417463438.70,1002501492801.30,1060316071770.29,1145111349262.57,
Croatia,HRV,GDP (current US$),NY.GDP.MKTP.CD,,,,,,,,,,,,,,,,,,,,,,,,,,,,,,,25650213279.68,18760386774.80,10621169291.00,11259647874.50,15062911616.82,22772394546.61,24150978346.53,24175764812.12,25890228429.72,23777026779.30,22134411297.47,23066883849.65,26757722428.68,35245317001.82,41836292157.33,45013119281.81,49583544860.08,59290621398.16,68472854617.28,62315996674.80,58975205417.34,62889007657.39,57548115904.42,59846265181.85,59606934501.00,50998893384.83,52650714171.86,56182782585.91,61667925219.08,61466721186.31,57959843541.37,69002365163.34,71196498671.11,85624153964.10,92983810328.91,
Haiti,HTI,GDP (current US$),NY.GDP.MKTP.CD,273187200.00,271066000.00,281896800.00,294883400.00,325281200.00,353251800.00,368948600.00,369124200.00,367968800.00,391820400.00,331200000.00,362800000.00,371998958.40,466798973.04,565399321.52,681400000.00,879000000.00,947000000.00,974200000.00,1080600000.00,1383800000.00,1479400000.00,1474200000.00,1623600000.00,1816200000.00,2009400000.00,2318000000.00,2047200000.00,2613926800.00,2736243800.00,3096289800.00,3473562627.79,2257129791.62,1878253767.31,2167569046.12,2813313278.81,2907517603.77,3338949151.60,3723903723.64,4153725883.84,6813566098.87,6331970324.31,6205847213.64,5071947798.27,6087360684.30,7030149730.34,7638739122.67,9228637767.69,10432962634.87,11597002834.78,11859312725.14,13008746038.89,13708925477.13,14902488604.24,15146883497.63,14849629308.60,14069277526.23,15093357161.15,16403864617.85,15016090929.51,14508222518.30,20944387975.71,20253551920.55,19850585722.32,25224154990.79,
Hungary,HUN,GDP (current US$),NY.GDP.MKTP.CD,,,,,,,,,4886222554.66,5429812386.53,5780929202.60,6291568220.79,7379313742.14,9138292402.19,10016338179.00,11420392514.62,13235612078.84,14783674054.83,17286744153.71,19959731324.80,23116977148.02,23705883891.94,24141667188.05,21910365258.25,21242726264.49,21510643750.18,24778163812.01,27232016527.42,29799838597.41,30422508937.57,34478360678.76,34867307352.65,38857339124.91,40256233360.38,43307949890.46,46577614588.99,46833767123.69,47398564799.25,48784412623.59,49160204397.46,47275954428.96,53800068065.80,67636468625.04,85190469121.07,104015363080.27,113098237570.93,115604111412.14,140123326896.33,158228265915.53,130807441076.16,131898737241.17,141712804953.87,128470269689.96,135646053778.58,141128696412.32,125244126623.29,128983560865.29,143335098991.86,161184691013.84,164936682033.99,158468487754.20,183282685440.49,177002580544.16,213240316634.65,222722738925.64,
IBRD only,IBD,GDP (current US$),NY.GDP.MKTP.CD,306260916224.71,310008507775.55,313911312589.73,346365706999.35,392563890164.37,430308877039.07,444621188183.63,457223530082.17,484483207487.72,540875486626.98,588894280439.55,641994176451.05,723737238264.99,938397748328.34,1187466392277.16,1282306066097.57,1391936145591.35,1577372875197.41,1743913597446.91,2037399467560.41,2418911812099.91,2598578073247.17,2560513941781.92,2529265948626.51,2619007608002.49,2719865250358.77,2823853100366.43,2909861543470.51,3110722136868.06,3241152169495.25,3645927216629.92,3533597986123.43,3691700835593.46,3930672941449.47,4336867904120.83,4987838644607.98,5443873901964.14,5775060777836.65,5550058275544.08,5408483629656.00,5886134597366.62,5971610298683.89,6065783594228.73,6814152968102.59,8117388576252.83,9694745482584.87,11501210367684.30,14287515549914.40,17144385222961.70,16643733351017.50,20236974559592.90,23952863037040.90,25459767024749.60,26784320183315.70,27548963986382.70,25937609442668.80,26133021093477.30,28848700119389.00,30736778363828.60,31377057597389.80,30204027280204.50,35879316080995.10,37943329554311.50,39248258733753.50,40930410371533.40,
IDA & IBRD total,IBT,GDP (current US$),NY.GDP.MKTP.CD,351708158290.61,358253053925.80,366133037974.70,404104501315.21,448836478412.07,493478093673.74,513160475036.63,526613635749.55,558019700222.49,623469617380.31,680890196523.98,734108845764.42,821457008938.04,1049797281267.43,1334586899751.04,1457921892242.49,1574304877596.89,1774626528580.61,1967805991725.01,2293033708911.62,2724029176548.07,3048463181129.28,2987463443946.00,2891343906447.49,2954421504962.87,3065625561562.28,3129827307260.40,3226370262089.06,3443662446583.46,3575944874123.27,4023618951995.47,3940581945912.37,4055225988619.00,4312830690301.87,4732703784532.01,5468651089214.26,5998025558914.09,6355345864750.12,6153791476491.90,5860973878548.43,6405155340977.74,6484814497363.37,6618829141640.94,7438042806499.10,8846940320931.56,10543932972658.90,12515819352845.90,15478384977817.90,18563872439706.40,18027421083675.30,21835069166669.50,25757259583860.60,27363548308329.90,28855638007106.60,29778753140210.50,28103757036548.00,28286257999424.70,31117686702333.80,33147599934551.50,34078219798939.10,32822847991827.30,38741335342414.80,41018485584725.70,42176516066439.10,43823204664493.90,
IDA total,IDA,GDP (current US$),NY.GDP.MKTP.CD,43419063136.20,45877820663.81,49352987755.18,54556943164.69,53949854635.34,60415096598.93,65247708355.24,66154805083.08,70107106201.29,78701759386.49,87493635541.95,88539617604.35,94690827263.56,109974660345.76,144311257153.78,169844078911.04,177485554718.23,193294226206.53,218539555256.64,250376887783.23,298604001457.12,423178214761.94,403272271570.14,348319967701.65,327545489759.25,338015025891.06,306447561121.80,316801281131.63,334041718237.20,335572228828.56,378601687959.44,408935889526.72,364500462510.18,383117739730.70,396481708931.76,481964529219.02,555977844458.21,582075639918.49,606351843937.96,452393909716.81,519433841269.81,513449125832.42,553708425098.70,624668567081.96,730301246172.36,849793999607.05,1015422269205.85,1190972724268.38,1419487216744.68,1383687732657.72,1598094607076.63,1804396546819.71,1903781283580.33,2071317823790.95,2229789153827.81,2166147593879.17,2153236905947.39,2268986582944.81,2410821570722.89,2701162201549.27,2618820711622.81,2862019261419.67,3075156030414.18,2928257332685.53,2892794292960.50,
IDA blend,IDB,GDP (current US$),NY.GDP.MKTP.CD,12401501561.79,13314688264.58,14222416055.51,15145197244.78,16626632979.22,17977186457.61,19605545864.50,19795254777.98,21047483665.49,23960732153.68,32356563895.34,30392833455.94,34167082608.55,37107988872.56,52754115653.56,61046682875.00,73441255542.52,79020486261.13,87129172584.73,106209035625.90,134446628565.26,245479636362.87,224352153458.53,171851407628.72,148714761041.18,149360272178.41,138015634707.15,142226241236.74,148184197593.88,143853282362.37,159019516930.14,170036291239.49,165355540081.90,175244559141.65,190983317299.20,267309715975.14,328495025650.41,344040187982.76,360890034244.66,203538006166.57,244290144682.41,243968067343.10,267621509349.01,302939673645.12,365116376580.76,428328538081.23,526645636948.49,609839841078.28,714771797908.92,669157586112.91,780580681565.07,888614216908.75,982900021355.00,1071507625598.43,1164584937017.84,1104888256132.44,1035761112332.60,1064701742324.65,1125278097800.27,1354444605559.25,1258453633593.25,1369357769886.58,1456880573683.68,1272526278004.68,1117411942661.72,
Indonesia,IDN,GDP (current US$),NY.GDP.MKTP.CD,,,,,,,,5667756627.92,7076465299.81,8337423312.88,9150684931.51,9333536369.95,10997590361.45,16273253012.05,25802409638.55,30463855421.69,37269156626.51,45808915662.65,51455719075.83,51400186342.89,72482337397.44,85518233419.05,90158449294.99,81052283383.72,84853700027.65,85289488375.44,79954072544.53,75929617557.75,84300174485.80,94451427876.66,106140727333.64,116621996217.13,128026966579.96,158006700301.53,176892143931.51,202132028723.12,227369679374.97,215748998609.64,95445547872.72,140001351215.46,165021012077.81,160446947784.91,195660611165.18,234772463823.81,256836875295.45,285868619196.09,364570515618.36,432216737774.86,510228634992.26,539580085612.40,755094157621.94,892969104563.17,917869913332.65,912524136718.02,890814755533.54,860854232686.21,931877364037.70,1015618744159.73,1042271532988.63,1119099871350.20,1059054842698.48,1186509691086.73,1319101183380.15,1371169301563.62,1396300098190.97,
IDA only,IDX,GDP (current US$),NY.GDP.MKTP.CD,32210089126.07,33770973573.54,36454084443.51,41013144249.14,38511156900.69,43922137299.27,47199466537.81,47958244720.32,50737955947.69,56549175848.44,55838238708.58,59166992867.47,61397002690.64,74218080663.55,92798583948.94,110394883561.53,104542327193.18,114932944280.88,132428153010.60,144547135821.03,163659974895.72,171044356297.87,173616270817.38,174261955496.06,178151155469.17,188345895349.37,167903128340.33,174071596503.78,185616296523.49,192290816880.60,220760378325.59,240280810057.86,199752948696.27,208450829814.75,205686474260.33,213387328223.74,225163634247.49,235602062646.08,242820470787.97,249682494926.96,275642026139.66,269901710172.60,286409984261.39,322063889070.30,365260518035.36,421453301119.76,488333978645.60,580840387765.96,704715418835.77,714530146544.81,817513925511.56,915782329910.96,920881262225.34,999810198192.52,1065204216809.97,1061259337746.72,1117475793614.79,1204284840620.16,1285543472922.62,1346717595990.02,1360367078029.56,1492661491533.09,1618275456730.50,1655731054680.85,1775382350298.79,
Isle of Man,IMN,GDP (current US$),NY.GDP.MKTP.CD,,,,,,,,,,,,,,,,,,,,,,,,,251195796.75,256330852.16,356287012.61,459975486.19,584702952.69,617619437.17,761514559.66,821507936.51,854849069.85,765647870.43,833255280.07,922269212.56,1007205928.24,1178261296.66,1385124213.32,1573742112.93,1601050083.22,1668684324.17,1891002697.84,2252620408.16,2802206151.59,3032411026.95,3422733202.45,4466350655.90,5928791505.35,5486921247.07,5920369789.50,6565667052.80,6690228371.67,7001175622.71,7708454412.32,7084800892.22,6846377563.01,6979788333.50,7491649455.93,7314967866.28,6684225641.03,7931193222.06,7431257410.93,,,
India,IND,GDP (current US$),NY.GDP.MKTP.CD,37029883876.18,39232435784.04,42161481858.08,48421923459.12,56480289940.99,59556105229.01,45581230504.07,50134942204.00,53085455870.67,58447995017.33,62422483054.67,67351404351.83,71464700666.99,85517673172.55,99526597933.63,98473832017.32,102716451979.68,121486641441.31,137302319829.00,152995442497.71,186328579302.07,193491368445.57,200715624830.90,218262146413.16,212157645177.65,232511554840.37,248985994040.59,279033584092.22,296589670895.93,296042052944.66,320979026420.04,270105341879.23,288208070278.01,279295648982.53,327274843459.43,360281909643.49,392896866204.52,415867563592.83,421351317224.94,458821052615.79,468395521654.46,485440139204.17,514939140318.76,607700687237.32,709152728830.78,820383763511.45,940259888787.72,1216736438834.96,1198895139005.92,1341888016994.90,1675615519484.96,1823051829894.55,1827637590410.41,1856721507621.58,2039126479154.52,2103588360044.94,2294796885663.16,2651474262755.45,2702929641648.74,2835606256558.19,2674851578587.27,3167270623260.47,3346107287730.93,3638489096033.86,3909891533858.08,
Not classified,INX,GDP (current US$),NY.GDP.MKTP.CD,,,,,,,,,,,,,,,,,,,,,,,,,,,,,,,,,,,,,,,,,,,,,,,,,,,,,,,,,,,,,,,,,,
Ireland,IRL,GDP (current US$),NY.GDP.MKTP.CD,1998550221.81,2151772979.97,2329372971.89,2505073357.89,2851091646.43,3035655793.52,3198820903.83,3445739914.73,3378701146.84,3902721631.55,4395995086.00,5098250287.47,6318060582.22,7481173065.79,7896860614.99,9483808362.37,9453756014.72,11248340431.38,14647996073.69,18319334300.45,21747855640.07,20670190138.17,21474752962.22,20766047763.53,20106648454.84,21270013325.56,28714571852.48,33920518492.51,37772896220.76,39238392677.75,49305632408.49,49787501584.48,55918538121.40,52417477613.68,57097656065.96,69139823232.32,75790786290.32,82856648758.36,90199410115.51,98893958262.64,100207610429.91,109346669229.70,128596035288.40,164670771259.60,194372115041.07,211876989655.91,232180617162.28,270079279419.50,275447471451.06,236443115853.70,221732824603.48,240975871046.64,226921827888.14,242924245718.76,266490442124.31,302101388556.27,305431252708.75,348355212568.52,395780319816.60,407211793800.71,436009027818.95,530394123829.76,548341794599.09,567372737459.12,609157459747.21,
"Iran, Islamic Rep.",IRN,GDP (current US$),NY.GDP.MKTP.CD,4199134389.90,4426949094.84,4693566416.48,4928628018.39,5379845647.70,6197319929.04,6789938671.75,7555383690.16,8623172959.90,9743089607.50,10976245153.59,13731802833.04,17153463263.11,27081698249.51,46209092072.14,51776222349.89,68055295080.75,80600122701.96,77994316621.48,90391877325.93,94362275580.02,100499312749.92,125948756439.49,156365156618.24,162276728619.52,180183629599.68,209094561833.48,134009995923.17,123057861333.91,120496362916.27,124813263926.23,131637664958.01,119768691216.67,63743623232.01,71841461172.60,96419225743.67,120403931885.44,113919163421.16,110276913362.51,113848450088.35,109591707802.22,126878750295.94,128626917503.72,151911222119.49,187754571247.67,224970371324.67,265602187403.64,349736591832.42,406070949553.88,414059094949.06,487069570463.77,629082257472.37,644019315003.54,500399839839.88,462284793280.83,409191686496.68,478618064871.00,510239893417.65,411903303606.04,347988400958.00,280934329279.72,407350685583.34,422662261525.67,457510482317.48,475252089215.42,
Iraq,IRQ,GDP (current US$),NY.GDP.MKTP.CD,1537252193.10,1671960965.22,1784174540.73,1805901510.04,2136408197.84,2335785506.09,2530306095.88,2551522656.19,2896598841.36,3007758796.90,3281318687.47,3865346534.65,4113848002.40,5134367778.14,11516762614.29,13458516762.61,17754825601.08,19838130714.53,23762275651.88,37816457839.49,52569000000.00,37823000000.00,42382333333.33,40712903225.81,46938387096.77,48425161290.32,47264516129.03,56774193548.39,62684516129.03,65831935483.87,180408064516.13,407796349.66,553671957.67,1031944881.13,3991349282.76,12894029888.11,10433698621.34,20764857056.38,20617405044.24,36881601583.82,48364250943.91,36176430128.81,32928454672.42,21921569478.82,36633669269.40,50065104667.82,65147051918.02,88837057319.52,131614434153.51,111657580326.32,138516722649.57,185749664444.44,218002476129.47,234637675128.65,228415656174.96,166774104959.10,166743557747.67,187217660050.68,227367469034.03,233636097800.34,180898797516.87,209691945713.10,287372232137.93,268881051643.55,279641257615.39,
Iceland,ISL,GDP (current US$),NY.GDP.MKTP.CD,260984498.83,266711460.24,299309938.07,357240895.71,456206298.79,550150988.00,660663763.28,652609075.68,498365199.69,435659609.94,545115909.09,693679545.45,869002945.84,1194794186.18,1568154077.04,1456052700.07,1727845419.11,2285707748.78,2599627088.64,2953176971.07,3499616683.34,3615094820.19,3318714326.20,2862634163.62,2964568005.63,3088359966.95,4129080094.00,5713281235.46,6320093411.45,5870854233.21,6694851159.33,7151260062.07,7328497599.31,6435952173.86,6612804055.79,7372640168.68,7686566105.26,7716781803.08,8637732541.51,9107644690.77,9140168922.36,8323401820.48,9416199699.55,11564687741.99,13963943244.00,17146410560.53,17671649843.26,21960110030.44,18247921360.26,13212543837.51,13922711576.51,15394005872.15,14943757823.32,16244319958.68,18052183514.87,17700486957.19,21083713310.46,25060086487.89,26677652544.35,24985687022.05,22034665040.79,26234872402.46,29166102877.28,31677891896.79,33255181468.94,
Israel,ISR,GDP (current US$),NY.GDP.MKTP.CD,3070585807.34,3708586471.46,2966154031.33,3535949088.91,4024344852.55,4329084428.63,4703300098.07,4762386782.72,5458427927.89,6297852761.13,7406712876.38,7052544000.09,9222557538.58,11902574258.93,17172607138.12,16141767373.49,15956349550.02,18257113904.25,17701286907.09,22609741059.84,25395256477.60,26882009819.35,29255285401.36,32675755462.09,30645607293.00,28905736366.71,35834154873.56,43049543634.96,52650948910.37,52443479454.11,62016729540.71,70998755006.90,79457685757.17,79855877174.44,90740103828.61,105497418058.65,115116595544.69,119459826346.61,120547409278.70,121417185061.72,136512300542.03,135002039612.91,125332331884.00,131408914824.01,140047984605.09,147519922009.05,158900547825.31,184681214673.45,221231658862.88,213403181852.86,239679036634.37,268094998225.03,263589172712.39,298478070673.06,315017088116.72,303469434072.30,321940971558.02,358451839052.99,376299083108.50,400645216358.86,410768352657.61,489851549972.35,525181008025.57,512184638998.97,540379921261.68,
Italy,ITA,GDP (current US$),NY.GDP.MKTP.CD,42012422612.40,46649487320.42,52413872628.00,60035924617.93,65720771779.48,70717012186.18,76622444787.37,84401995573.25,91485448147.84,100996667239.34,113656669764.56,124959712858.93,145594833997.34,175896529392.23,200024444775.23,228220643534.99,225235205861.83,258190019749.84,315784469541.41,394584507107.90,478356755595.75,431695533980.58,428257421617.75,444063496940.34,438896930791.27,453259761687.46,641862313287.44,807570134448.76,893663934840.82,930801709003.67,1183945130898.51,1249092439519.28,1323204350353.50,1067412587670.73,1101750159702.21,1177369428265.78,1314776508972.27,1244988176443.84,1272729786996.77,1255004736463.98,1149661363439.38,1172041488805.87,1281746271196.04,1582930016538.82,1812808753294.75,1864982261286.85,1958563654385.64,2222524108127.65,2417508414187.19,2209484319012.65,2144936254535.00,2306974020278.21,2097929495121.68,2153225581941.46,2173255507985.84,1845428048839.10,1887111188176.93,1970720904584.71,2099435266458.67,2019606796583.53,1907481094079.23,2179207773596.09,2104067630319.46,2316727999333.18,2380825077243.59,
Jamaica,JAM,GDP (current US$),NY.GDP.MKTP.CD,699064380.37,748043500.78,777727688.91,826706669.32,897949000.82,972159611.14,1096759561.30,1148014310.83,1083839132.93,1191239047.01,1404720441.89,1539861815.89,1875146587.44,1905917553.19,2375122375.12,2860442750.44,2966042856.04,3249733139.73,2644527821.53,2425064229.04,2679379371.51,2979027966.45,3293496311.93,3619262277.48,2373564549.49,2100239018.82,2754549581.92,3287007321.57,3828342820.35,4404937853.39,4592208086.69,4106207649.06,3535460089.81,5440075675.74,5452558947.03,6577520642.82,7393891920.80,8400041723.55,8787195622.44,8887057997.36,9005064474.93,9194727831.07,9719009494.85,9430234810.79,10174664853.95,11243865777.71,11930179089.89,12799600047.18,13709401520.03,12120458114.83,13220549908.25,14444661522.15,14807086555.53,14264205152.61,13899217679.92,14963589915.59,14898999754.12,15783583236.68,16855447986.22,17026269262.53,15000214216.24,15963885376.35,18813516805.21,21418804319.64,22014397089.77,
Jordan,JOR,GDP (current US$),NY.GDP.MKTP.CD,,,,,,599759760.10,657999736.80,631679747.33,561119775.55,698879720.45,639519744.19,678159728.74,788479684.61,943783839.72,1197483948.69,1363073497.77,1708521219.46,2096778602.17,2602208588.96,3271368780.65,3910044474.28,4383944702.86,4681240992.70,4920692190.96,4967162160.40,4993601520.43,6402050484.90,6756209762.48,6277451829.05,4221373673.80,4160087507.83,4344467193.25,5310833193.59,5606400221.69,6236295978.25,6727597031.96,6927503526.09,7245839210.16,7912270803.95,8149929478.14,8460789844.85,8975814652.82,9582510578.28,10195627644.57,11411706629.06,12588998589.56,15056981664.32,17110437235.54,22658715989.33,24537876056.34,27133804225.35,29524149154.93,31634561690.14,34454440140.85,36847643521.13,38587017887.32,39892551126.76,41608435915.49,43370860704.23,44503006338.03,43700383098.59,46296100140.85,48764963380.28,51088476338.03,53352289577.46,
Japan,JPN,GDP (current US$),NY.GDP.MKTP.CD,47419238274.46,57266758179.59,64987857541.63,74379284603.39,87490590817.98,97338107605.82,113046784179.29,132475614226.52,156897496759.13,184298841304.67,217223652719.44,245364056622.36,324933841268.59,441460582535.92,490035789970.30,532861438884.72,598883902155.61,737069290927.71,1035611588216.59,1077910077676.37,1129377244854.04,1245221410764.15,1158731426905.85,1270859919742.90,1345824500836.76,1427019759717.41,2120083812109.91,2580748422781.09,3125724434400.79,3109455047823.93,3185904656663.85,3648065760648.88,3980702922117.66,4536940479038.25,4998797547740.97,5545563663889.70,4923391533851.63,4492448605638.94,4098362709531.24,4635982224063.88,4968359075956.59,4374711694090.87,4182846045873.61,4519561645253.53,4893116005656.56,4831467035389.80,4601663122649.92,4579750920354.81,5106679115127.30,5289493117993.89,5759071769013.11,6233147172341.35,6272362996105.03,5212328181166.18,4896994405353.29,4444930651964.18,5003677627544.24,4930837369151.42,5040880939324.86,5117993853016.51,5054068005376.28,5039148168861.22,4262463317796.53,4213167237905.83,4027597523550.58,
Kazakhstan,KAZ,GDP (current US$),NY.GDP.MKTP.CD,,,,,,,,,,,,,,,,,,,,,,,,,,,,,,,26932016269.61,24923076923.08,24917355371.90,23409260879.94,21250792886.11,20374302652.38,21035357936.88,22165932062.97,22135245507.37,16870817181.78,18291990662.04,22152689179.88,24636598527.44,30833692900.11,43151647002.61,57123671733.90,81003864630.02,104849915058.38,133441648851.98,115308686941.38,148047348240.64,192626464617.07,207998568865.79,236634603409.09,221415613595.47,184388404706.04,137278320084.17,166805788827.23,179339977690.49,181667184854.50,171082365861.42,197112255360.61,225496328925.49,261840101059.92,291480274648.83,
Kenya,KEN,GDP (current US$),NY.GDP.MKTP.CD,791265459.49,792959472.82,868111400.76,926589349.36,998759334.50,997919320.83,1164519674.19,1232559506.98,1353295458.68,1458379416.65,1603447358.62,1778391288.64,2107279157.09,2509001324.35,2969958812.02,3259345083.26,3474542391.70,4494378764.32,5303735110.55,6234391113.46,7265315820.21,6854491705.88,6431579356.96,5979198313.76,6191437070.18,6135034213.79,7239126568.14,7970820369.29,8355380879.13,8283114514.17,8572359038.17,8151488783.19,8209120763.05,5751786642.56,7148148564.04,9046320255.41,12045865396.13,13115764358.28,14093998843.73,12896010459.37,12705350097.80,12986007425.88,13147736898.52,14904517649.85,16095337093.84,18737895512.74,25825512284.29,31958195182.24,35895153327.85,42347217912.92,45405615063.76,46869473150.61,56396704671.58,61671440407.84,68285796514.29,70120446896.84,74815144163.89,82036510877.26,92202979985.29,100378436207.37,100657505750.55,109703658904.99,114448978152.64,107500884685.01,120339557905.93,
Kyrgyz Republic,KGZ,GDP (current US$),NY.GDP.MKTP.CD,,,,,,,,,,,,,,,,,,,,,,,,,,,,,,,2660202622.91,2542256424.35,2315346942.86,2026019252.61,1681780847.41,1661147035.24,1827570586.17,1767864035.72,1645963749.83,1249061487.01,1369688498.07,1525116370.28,1605643104.73,1919008090.50,2211534585.00,2460246766.41,2834168889.42,3802570552.56,5139958909.18,4690061380.60,4794361863.01,6197765984.28,6605142884.36,7335033800.59,7468102412.68,6678177511.66,6813095379.12,7702938379.42,8271106235.42,9371275264.37,8270468614.24,9249133946.27,12134931017.95,15180842369.49,17478259659.26,
Cambodia,KHM,GDP (current US$),NY.GDP.MKTP.CD,,,,,,,,,,,,,,,,749129748.15,790357254.54,716261764.50,766642356.14,723738502.68,744384129.71,815153652.42,865516039.80,939291262.10,1021176058.63,1102669184.44,1167630317.84,1036974910.45,1662877859.22,1353137647.68,1402541176.51,2054974089.36,2491486594.19,2533727592.04,2791435272.27,3441205692.92,3506695719.57,3443413388.66,3120425502.66,3517242477.25,3694168979.32,4145665969.93,4501227626.63,5046693484.32,5883297159.87,7066296463.36,8350531016.66,10127916459.90,12174303999.08,12502901169.74,13808673288.07,16032622023.83,17826536699.80,19807135252.86,22041463967.90,24174170369.07,26556545153.36,29355665909.79,33145892168.90,36685356407.72,34818073901.49,36790163687.44,39994532959.61,42335646895.80,46352647037.24,
Kiribati,KIR,GDP (current US$),NY.GDP.MKTP.CD,,,,,,,,,,,11560877.28,12356134.38,15314346.49,25645040.47,69256488.52,44547453.60,33246816.50,31335458.70,36563964.55,34466197.03,33157723.11,35267489.24,32742712.65,31000545.77,34394167.04,26126615.23,25993008.79,29554412.53,38278810.32,37645319.20,36534294.80,41247791.64,61491369.28,58953595.91,67055333.90,68596394.60,81456854.14,80205806.83,74905705.89,77323978.19,74910527.26,64935850.16,74743869.13,96105619.38,104085892.13,113895437.32,112338353.26,138054945.64,147017894.98,140177384.15,165458433.13,195970140.17,207001545.87,201730860.76,200287281.98,191559398.69,206467818.50,222875736.34,233514717.44,216985388.32,220898020.42,285259881.13,270040453.25,288610747.74,307862564.49,
St. Kitts and Nevis,KNA,GDP (current US$),NY.GDP.MKTP.CD,12366635.75,12483302.13,12541635.31,12833301.25,13416633.13,13593932.32,14469078.18,16742338.25,14600000.00,15850000.00,16300000.00,19624746.45,22944849.12,24196018.38,31514856.31,33364055.30,30095602.29,44496296.30,49433333.33,58840740.74,68459259.26,80888888.89,86022222.22,86874074.07,98603703.70,111007407.41,130685185.19,147748148.15,172692592.59,192518518.52,217259259.26,220540740.74,242137037.04,263755555.56,295159259.26,313485185.19,333944444.44,374641307.97,383257331.41,406595484.37,421695769.84,458643829.01,481077373.67,469869869.87,506900000.00,547203703.70,644414814.81,689285185.19,777692592.59,774274074.07,778718518.52,836092592.59,824585185.19,874548148.15,952111111.11,957222222.22,1006818518.52,1056977777.78,1076548148.15,1107855555.56,883922222.22,858622222.22,981429629.63,1055651851.85,1122388888.89,
"Korea, Rep.",KOR,GDP (current US$),NY.GDP.MKTP.CD,3973069306.93,2427244760.67,2826923076.92,4007692307.69,3476789681.58,3141131708.31,3957064541.39,4895076718.00,6167109472.43,7743940188.95,9085001793.56,10005257131.33,10990490569.73,14067523813.04,19860929976.70,22126033057.85,30371074380.17,39064462809.92,52824793388.43,68083884297.52,66547970350.62,74287368087.35,79921300446.65,89621208322.34,99749645088.60,103764281280.89,119965960795.24,152240393645.51,205477530605.22,254236243100.44,292064221388.99,340851946803.81,366921291824.72,405705302846.45,479181794216.86,586286469400.67,631196863758.28,589202526424.14,397297216492.19,515697079289.01,597487173479.11,567564806235.44,650014391470.21,728516494684.27,823251107638.81,971740329983.88,1095175538508.19,1220911904593.06,1091580692542.34,983065242417.36,1192830015737.68,1307103477219.10,1335343586437.67,1434669686501.84,1556252422020.44,1539212301135.55,1579150518945.44,1710196756713.17,1824251454306.83,1751045752054.63,1744070276373.34,1942313560965.90,1799363116866.52,1844800934391.54,1875388209406.80,
Kuwait,KWT,GDP (current US$),NY.GDP.MKTP.CD,,,1828107502.80,1900895856.66,2071668533.03,2097199161.12,2391199043.52,2441599023.36,2662798934.88,2769198892.32,2873638850.54,3880392195.41,4450537925.33,5408804607.31,13006948296.27,12022811620.79,13132252801.94,14137406740.51,15503557496.19,24749063922.48,28638868355.92,25058020338.25,21577153356.42,20871081080.15,21700082752.94,21445970613.76,17903989745.18,22368704133.67,20690322152.89,24313855653.40,18427777777.78,11009993703.15,19858555214.72,23941391390.73,24848483838.38,27186980646.54,31492373308.75,30350190704.44,25943705784.30,30122365849.25,37718743480.08,34889559869.83,38135788413.83,47874582231.59,59439090600.61,80798630136.99,101557330723.42,114634043361.69,147379737229.75,105968691905.42,115416245241.74,154039231245.86,174047662680.04,174168116534.84,162650450684.73,114585555688.51,109406674124.65,120687539805.51,138646316350.73,140856394860.53,111045470605.72,148350671489.14,183502046693.88,165384407116.23,160227273053.33,
Latin America & Caribbean (excluding high income),LAC,GDP (current US$),NY.GDP.MKTP.CD,61872048053.76,68537433096.02,70838147779.87,77852261014.37,89267114389.99,96773648114.88,106986475925.36,108802555632.32,117081886865.71,131183741662.45,142596746423.91,157896952881.11,179590440279.63,240395906942.87,316078118355.07,340736015746.36,370757722087.93,401970427033.13,487096670577.82,535635409511.15,647344663393.17,743688523742.89,685784573010.26,591639891642.32,634821634926.58,624540105212.73,632751590897.89,693500475374.67,754391335526.16,857638656284.42,956359343657.39,1022303377943.78,1109655778653.96,1337901710683.13,1581889193913.28,1685606822996.41,1840978422403.43,2009116477242.11,2024915541481.96,1795962372594.49,1986485863896.03,1935500709591.52,1740548664257.26,1776708359686.86,2025108884606.03,2450494745878.24,2858411217887.57,3374742715849.93,3900603654602.57,3612494780540.35,4518755264794.34,5277645172887.88,5250558584752.47,5385615104389.87,5405172001075.22,4578739613722.79,4438833899168.87,4960873741744.95,4816735877469.79,4748616176252.64,3991303751042.44,4637976019252.06,5336050967302.51,6014673692976.05,6168787362595.33,
Lao PDR,LAO,GDP (current US$),NY.GDP.MKTP.CD,,,,,,,,,,,,,,,,,,,,,,,,,1757142855.92,2366666615.56,1776842097.16,1087273103.70,598961269.30,714046821.09,865559879.40,1028087972.31,1127806944.62,1327748689.88,1543606345.12,1763536304.54,1873671550.35,1747011857.33,1280177838.72,1454430642.45,1731198022.47,1768619058.35,1758176653.08,2023324407.28,2366398119.86,2735558734.74,3455030060.98,4223152739.04,5446433157.40,5836137329.63,7131771014.70,8750104617.17,10192846339.40,11983252626.55,13279245886.39,14426380125.65,15912501722.61,17071155481.50,18141641089.80,18740561512.56,18981805250.24,18827148530.93,15468785203.75,15843155731.26,16502933121.34,
Lebanon,LBN,GDP (current US$),NY.GDP.MKTP.CD,,,,,,,,,,,,,,,,,,,,,,,,,,,,,3313540067.93,2717998687.71,2838485353.96,4690415092.54,5843579160.90,7941744492.24,9599127050.18,11718795528.56,13690217333.59,15751867489.44,17247179005.52,17391056369.23,17260364842.45,17649751243.78,19152238805.97,20082918739.64,21159827992.04,21497336498.84,22022709851.41,24827355014.93,29118916105.47,35399582928.69,38443907042.12,39927125961.53,44016799515.75,46880103080.60,48095213746.60,49929337836.82,51147308774.13,53027680685.90,54901519155.56,51605959131.27,31712128253.80,23131941556.78,20992421948.81,20078620356.99,,
Liberia,LBR,GDP (current US$),NY.GDP.MKTP.CD,190495600.00,183920900.00,191861800.00,200229600.00,218929100.00,229260800.00,244459500.00,261024300.00,276820700.00,306961800.00,323099700.00,341543100.00,368098000.00,386968300.00,486955000.00,577549300.00,596675700.00,673010600.00,717240400.00,814067900.00,854711500.00,846514500.00,863933200.00,823374900.00,848478300.00,851296100.00,840964400.00,972800000.00,1038300000.00,786300000.00,384400000.00,348000000.00,223500000.00,160400000.00,132200000.00,134800000.00,159400000.00,295900000.00,359600000.00,441800000.00,874000000.00,906000000.00,927000000.00,748000000.00,897000000.00,949000000.00,1119000000.00,1373000000.00,1726000000.00,1768000000.00,1998000000.00,2398000000.00,2791614000.00,3177198100.00,3225652000.00,3227075700.00,3398419600.00,3390703400.00,3422754800.00,3319596500.00,3176126300.00,3513049500.00,4001047000.00,4390000000.00,4779300900.00,
Libya,LBY,GDP (current US$),NY.GDP.MKTP.CD,401644248.94,443905612.04,619725784.91,892327910.67,1341395421.44,1804979680.41,2312438535.82,2726986912.81,3850623094.95,4380987481.21,4601649451.34,5260185125.42,6299395543.96,8625889429.58,15112543717.13,14710912457.65,19096943016.57,22428297107.59,22136422643.40,30536429496.94,40953924948.74,36374353880.40,33760146990.57,33200520139.97,29476109152.75,31530566324.27,24180400959.43,26697659334.69,24308959591.20,25156707899.15,28904183602.48,31991821264.71,33887047909.27,30660051910.50,28610549763.47,25541379186.65,27884615384.62,30700897874.87,27251301398.28,35975860857.12,38270954138.11,34112093927.25,20481889763.78,26265625000.00,33122307692.31,47334691241.49,60094231606.64,68032978390.60,86710767415.14,60808562033.42,75380825062.42,48169263294.10,92540938129.13,75351107029.06,57372355592.02,48717501321.31,49912073701.30,67157452181.77,76686029772.15,69254496471.69,46854285440.64,35217995647.29,43246297921.85,44027664915.19,48487151215.35,
St. Lucia,LCA,GDP (current US$),NY.GDP.MKTP.CD,,,,,,,,,,,,,,,,,,,,,170370370.37,194444444.44,183333333.33,197037037.04,251481481.48,284444444.44,340000000.00,375555555.56,429629629.63,486666666.67,579629629.63,613703703.70,674074074.07,684814814.81,713703703.70,762962962.96,788888888.89,805925925.93,877407407.41,921851851.85,932592592.59,892592592.59,900000000.00,987407407.41,1066666666.67,1135555555.56,1268319185.19,1336088814.81,1437731111.11,1401507888.89,1482385185.19,1568370370.37,1598207407.41,1660392592.59,1749185185.19,1807640740.74,1868544444.44,1998503703.70,2060955555.56,2095344444.44,1499274074.07,1867185185.19,2342714814.81,2430166666.67,2549062962.96,
Latin America & Caribbean,LCN,GDP (current US$),NY.GDP.MKTP.CD,79218932628.49,87692579907.18,92148671651.07,100158104358.28,111297635699.79,119597691837.21,131678790598.88,134312213003.60,144144177278.74,160995419131.46,175637927080.04,195901356042.97,220380603348.14,293150378387.26,379786194845.66,398144710055.56,436627884665.32,479581065121.98,574059347260.85,644166219532.58,783357461518.48,894809026625.00,823242879546.79,726364223327.03,764196791084.12,755578018483.55,765106455717.53,821070824144.01,900611858814.78,994556604300.39,1107441262339.26,1189414692505.63,1299088443758.27,1537131292681.77,1795767672640.37,1942345662514.93,2100954040906.87,2303665775071.88,2331974870872.79,2107674084250.93,2326960774300.02,2282616677666.16,2052785902058.93,2091901136740.59,2405470231955.35,2903225603459.67,3397326808458.12,3998763004207.04,4644093134666.99,4357538584711.37,5397900660485.76,6139415369063.72,6202552292365.06,6252550709058.29,6217846355596.35,5289615626446.62,5148746106826.83,5715057427671.23,5581100995040.84,5473432644126.84,4627348896643.87,5382862734265.64,6144995160894.64,6910660006084.82,7110323254687.35,
Least developed countries: UN classification,LDC,GDP (current US$),NY.GDP.MKTP.CD,28083812111.39,29364630537.17,31794976804.83,36519313157.90,33150184766.75,37295152841.75,40642209234.37,41311581927.70,44098255412.44,48788461658.14,47218105706.91,49607713412.66,51305821254.55,62437242595.60,77769806980.11,93635062502.82,86257896218.44,94941848284.40,111733881980.37,122428376570.85,135711328907.84,138755507284.49,140164853789.32,138441291087.96,140661649667.25,153684956266.85,133832578080.49,142313431547.15,156208594276.22,167638883839.74,192676554736.41,208817559381.57,165222858380.94,171010929694.39,167739197113.28,172090832187.70,181564624034.66,189339949637.89,192210175844.32,197805141980.58,224563948593.22,216585977130.13,238996622513.99,270939350485.98,311791760903.57,370633296538.89,430714424840.41,517254081241.05,635557886673.68,628162084945.04,711250147781.57,810122964149.02,849599155573.47,924685867947.03,993379212416.68,946044369982.56,952622086763.39,1044504274790.04,1116339519831.80,1169366192253.69,1179778077659.19,1303898952961.36,1474237106700.91,1459966948607.94,1536272727812.71,
Low income,LIC,GDP (current US$),NY.GDP.MKTP.CD,,,,,,,,17168631140.74,18643486433.10,21687971434.13,22138606272.57,24678547941.98,27615304466.79,33022563725.26,41317575283.78,48858798819.99,51353443144.91,59469573577.22,69326192103.98,73361506554.39,82239917972.79,83576565929.63,83687327649.10,79883109897.11,78581550455.14,73755909045.90,77699611464.60,81699510513.39,88552567441.02,95849966757.20,120057505114.01,134410439130.97,92686061462.64,102326411883.93,97114664248.59,88805408699.65,84839243701.40,90885588132.02,93088605277.37,93786312226.50,116766456835.92,109982758250.17,122332129722.93,136842895163.45,159851128459.56,193441903012.91,224500542226.20,271818539738.55,324480751168.20,314283743126.40,354666141780.16,384118933677.74,351076378355.80,359280509583.97,378789607464.82,361782469708.52,317624904429.65,326806567421.38,341989728902.81,352056761148.89,339434568554.00,375494019860.55,434268149844.66,434043376409.57,469282282632.52,
Liechtenstein,LIE,GDP (current US$),NY.GDP.MKTP.CD,,,,,,,,,,,90099360.84,104889795.33,124940289.32,165928881.56,193980464.88,246389101.85,272489300.47,303493119.48,436912067.78,503173104.39,534699362.90,511647750.12,522096760.29,524023624.89,502620991.85,529073612.45,779357802.50,1052848995.97,1161757671.02,1119983801.21,1421509216.37,1484160302.15,1631177029.45,1673085244.69,1948129622.75,2428525060.70,2504012993.42,2298389802.89,2479699106.02,2664105901.19,2483889858.32,2491800558.78,2688618747.38,3070803051.42,3454373797.74,3659319116.88,4000102086.15,4601429897.21,5081479840.09,4504375348.07,5082337238.45,5739706004.90,5456102482.29,6391708310.68,6657526979.72,6268515276.17,6237302033.50,6474308717.85,6692620691.84,6436467007.12,6405870210.32,7912602342.19,7426856242.77,8239379403.22,,
Sri Lanka,LKA,GDP (current US$),NY.GDP.MKTP.CD,1409873949.58,1444327731.09,1434156378.60,1240672268.91,1309747899.16,1698319327.73,1751470588.24,1859465020.58,1801344537.82,1965546218.49,2296470588.24,2369308600.34,2553936348.41,2875625000.00,3574586466.17,3791298145.51,3591319857.31,4104509582.86,2733183856.50,3364611432.24,4024621899.58,4415844155.84,4768765016.82,5167913302.17,6043474842.77,5978460972.02,6405210563.88,6682167119.57,6978371581.26,6987267683.77,8032551173.24,9000362581.58,9703011635.87,10338679635.76,11717604208.82,13029697560.98,13897738375.25,15091913883.71,15760736956.19,15711933513.28,16595882818.69,15749753804.83,16536535647.08,18881765437.22,20662525941.30,24405791044.78,28267410542.52,32350238760.42,40713826215.01,42066224093.01,58636049434.19,67753285896.63,70447217163.78,76976203829.48,82531125190.52,85090301052.05,88000211171.60,94369350285.58,94450015982.84,88998706296.58,84335574581.51,88556698937.70,74143020262.81,83716142582.19,98963185509.65,
Lower middle income,LMC,GDP (current US$),NY.GDP.MKTP.CD,85718645234.66,91375597712.03,92791537815.29,102654850184.89,115346299528.00,123581597701.26,112803578667.61,120384771269.33,127756036298.99,141434554930.94,153169378390.73,159556712408.83,170263867209.73,200259091709.45,247655819081.37,271278823692.05,286867975882.66,322288055456.46,363478849935.63,421417164523.23,513985968986.67,637967861997.79,633606953005.59,600666177720.46,576332075858.02,615045341856.56,617956032262.18,673706631510.73,695226297684.47,680922887878.65,740238512582.88,708795018511.74,740203715946.42,748820827088.18,842207417522.63,1000044233254.53,1139140506577.02,1195244281130.43,1220564670913.05,1125872529409.91,1188901754149.27,1200797924687.21,1268651516969.16,1440541629623.40,1658632867564.48,1911233818659.46,2239017341158.09,2739324307629.08,3030654277104.28,3161039130467.91,3803232283642.59,4244475908827.19,4486071662557.55,4743115979872.43,5122618957687.69,5110516313268.72,5319173245722.59,5770458203695.00,6022782110520.98,6527442965633.65,6297797215276.78,7124669005626.30,7588963714927.97,7684634708973.70,7941312381464.47,
Low & middle income,LMY,GDP (current US$),NY.GDP.MKTP.CD,266021244949.63,269458553802.49,273695782536.95,303550507362.77,340150418908.56,375605759539.85,389671309317.08,399982283509.46,424043720695.81,474510876551.70,517798557827.84,556845652683.82,625484658981.06,797478916024.53,1015201398786.56,1123004704927.99,1208279928792.57,1356510872563.03,1506201220791.09,1746166507113.12,2063168719320.92,2310481365169.78,2277766381213.81,2206821650115.94,2267460248865.09,2354530879715.06,2404562901474.37,2482143781544.16,2648573640088.11,2839487150072.38,3263494792021.67,3169382414487.01,3325666270038.26,3598961041743.57,4036347707441.04,4678566130116.00,5194254625956.01,5514476962092.25,5415602499519.29,5213581699462.51,5671239614656.74,5681863488447.16,5796572765879.18,6490136867597.50,7615565811852.92,8995715621844.56,10593347613572.90,13011853510452.50,15453988213684.30,15495760307663.90,18849216312613.70,22198034859579.40,23600257695748.40,25060996541842.20,26234553744932.30,25457289049147.50,25722739836843.30,28123682410171.20,29945950603040.90,30863484502772.90,29882663470187.90,35235417682028.00,36965295357847.50,38059330027172.90,39397098753614.40,
Lesotho,LSO,GDP (current US$),NY.GDP.MKTP.CD,34579986.17,35699985.72,41859983.26,47039981.18,51939979.22,54879978.05,56699977.32,59261976.30,61445975.42,65967973.61,68739972.50,76480285.00,80913200.43,121188715.76,150851316.53,149558895.91,147660036.92,193315048.33,266570066.64,290134592.52,431542536.66,434188034.19,348741683.67,386699308.86,333163670.28,268629925.85,318858422.99,402768324.48,470395800.60,495409232.63,596410263.74,704325366.72,831029861.70,835582062.48,878250945.28,1001894000.28,946112492.84,998004258.72,928460893.11,912773681.05,887291687.92,825706961.24,775777238.56,1157825434.79,1511236655.52,1682343527.49,1800092563.75,1682131784.51,1766902709.20,1740894964.81,2234754241.92,2579409619.97,2477702216.27,2367112931.64,2441063054.06,2359686724.54,2114426452.20,2306741672.29,2556247292.00,2390702295.83,2053699864.00,2412130056.56,2354980960.03,2117962445.37,2271759454.51,
Late-demographic dividend,LTE,GDP (current US$),NY.GDP.MKTP.CD,183858546617.44,170881037955.18,174094667934.87,189931663020.20,208296557346.01,233446890704.18,259994255595.18,261259999430.18,265793115767.98,296283576150.95,336904804054.14,374774456804.48,431342028444.51,560342627217.07,673221564295.67,743236954063.47,801479229230.01,929935807412.12,967902612778.32,1152356948339.41,1321502317179.90,1385129661927.59,1397225179816.17,1293502574114.76,1350058406704.66,1459397301664.14,1551004683364.39,1637762989831.09,1787018955182.41,1905240160845.64,1971099528291.61,1982355141885.90,2021843649053.88,2104911596639.27,2444599209041.13,3029780056867.20,3341467252786.49,3499555307550.27,3374867404617.89,3122215745185.94,3427507985097.52,3545543381138.98,3760831882469.91,4286645021053.17,5151932849607.40,6211017343931.32,7496022909104.78,9445303058887.28,11750024639145.10,11368232780191.90,13679708028983.90,16665376541950.80,17836300107332.00,19233518032034.20,19998109576538.40,18797219107172.10,18841937712407.00,20889290142886.50,22907660419321.10,23366567397285.60,22869539211355.00,27284231194748.90,28550398557203.30,28934446547714.40,29979152245112.60,
Lithuania,LTU,GDP (current US$),NY.GDP.MKTP.CD,,,,,,,,,,,,,,,,,,,,,,,,,,,,,,,,,,,,7921210339.58,8430207164.44,10168271903.32,11289161847.22,11022095813.55,11550695727.23,12260761329.31,14282292664.60,18809197969.54,22743164431.20,26105207115.31,30116192746.89,39729151614.67,47831254207.52,37494380038.92,36638128534.06,43186501862.79,42709372066.86,46303660422.04,48306546656.93,41540954817.20,42970749245.03,47756764508.45,54261795148.54,55122066225.80,57412038533.27,67037321008.97,71033884499.78,79789877416.17,84869215513.36,
Luxembourg,LUX,GDP (current US$),NY.GDP.MKTP.CD,709941874.04,710163719.41,747846862.21,797902154.24,910877686.27,929477284.79,976717015.46,983052314.93,1075561622.81,1245432991.34,1457768455.02,1518773421.38,1901697369.63,2609875802.11,3183637116.82,3123333333.33,3423586206.90,3789321328.08,4718539772.00,5516982663.73,6019805490.41,5053665797.48,4602316793.22,4524217751.48,4438435492.88,4577211767.10,6685595087.59,8320902215.02,9418167855.18,10037674037.67,12778792853.69,13834219728.29,15518702634.88,15925521222.01,17701798890.76,20853093869.73,20895314657.98,19563836265.22,20150053345.19,21899317598.84,21230182989.30,21387533703.23,23649833332.17,29667268248.13,35064843792.90,37672280120.48,42910146296.06,51587401415.79,58844277701.53,54467289897.56,56213985987.42,61696281326.25,59776383527.36,65203276466.98,68804811897.64,60071584216.14,62216885435.95,65712180342.98,71085623495.11,69872035113.65,73670782100.39,86386759695.17,80801680397.01,88788881539.39,93279851863.41,
Latvia,LVA,GDP (current US$),NY.GDP.MKTP.CD,,,,,,,,,,,,,,,,,,,,,,,,,,,,,,,,,,,,5608208784.94,5799465288.41,6349481006.53,6974112951.27,7324192889.74,7761252607.18,8190888739.65,9249030241.02,11244337719.84,13827070378.56,16306935905.41,20434922247.30,29420499247.71,34135200994.01,25691530442.04,23468324572.33,26575547900.82,27116149948.67,29152128167.84,30277203767.41,26344565876.89,27117105059.51,29391059767.43,33247935477.36,33099503950.85,33379927434.61,38183326784.93,38003198508.91,42779550936.84,43684254432.36,
"Macao SAR, China",MAC,GDP (current US$),NY.GDP.MKTP.CD,,,,,,,,,,,,,,,,,,,,,,,1142497718.78,1133013235.10,1304361353.27,1362072159.95,1532105070.19,1957724829.36,2288761822.51,2705665492.02,3246481233.24,3765249711.09,4914365189.05,5665606114.80,6311207779.92,7046147736.92,7176892950.39,7267570892.70,6796914861.66,6547169929.37,6773944355.15,6860272608.45,7371692774.43,8246479565.94,10643253553.18,12160056122.38,14874098691.91,18439981612.41,21027018332.67,21589540350.71,28244172833.60,36848881944.69,43193350975.69,51559125350.24,54930501310.30,44940613353.10,44964868323.76,50297028370.67,55076322634.34,55025172016.00,25280064167.73,30633941629.36,24929307447.32,45626467279.89,49467258923.32,
St. Martin (French part),MAF,GDP (current US$),NY.GDP.MKTP.CD,,,,,,,,,,,,,,,,,,,,,,,,,,,,,,,,,,,,,,,,,,,,,,,,,,,,775875748.52,,,772921958.53,,,,,652206037.10,,649206262.85,,,,
Morocco,MAR,GDP (current US$),NY.GDP.MKTP.CD,2037154741.93,2025693539.56,2379611124.61,2657252578.31,2798345298.58,2948331090.47,2876401297.11,3046345314.39,3271422332.62,3651622668.95,3956336244.12,4356669034.34,5074117544.77,6242145880.09,7675466449.36,8984853005.08,9584297284.28,11049783871.81,13236946233.58,15911994817.31,21728516153.09,17788185478.94,17692276734.17,16251408127.57,14824667954.37,14991283215.74,19462085540.22,21765195948.19,25705296183.50,26314313191.18,30179954774.99,32285573573.92,33711069430.78,31655473663.83,35604137422.58,39030285468.38,43161571527.64,39147844526.08,46497608724.99,46266428648.14,43017455401.84,43831480207.64,47077192187.64,58029363354.28,66114145451.01,68852658068.67,75883823300.85,86947913286.73,101822906949.06,101154952240.88,100865329473.44,110080631332.38,106937392311.13,115739287305.08,119130841411.66,110413823841.59,111572947004.92,118540573367.84,127341147581.82,128920266409.46,121353645057.14,142022058447.23,131245312804.48,146036093666.76,160610994054.73,
Monaco,MCO,GDP (current US$),NY.GDP.MKTP.CD,,,,,,,,,,,293127333.24,327706210.44,402451900.82,523554039.20,563949254.11,711978961.89,735324244.67,811191392.22,1000555218.03,1209870147.49,1378175524.11,1205188647.93,1143216456.57,1092560364.52,1037329604.35,1082867507.33,1515234743.47,1839081463.28,2000704744.92,2010083833.17,2481307077.11,2480540845.33,2737049230.70,2574494355.73,2720332134.54,3130309995.31,3137886994.52,2840195190.37,2934593467.69,2907118641.18,2654462665.27,2673723033.71,2919647981.81,3597089750.78,4043551488.83,4204652898.73,4586826512.71,5875790766.26,6502942244.93,5474379252.34,5367561569.60,6088689808.38,5742749294.01,6555591709.89,7070017323.65,6264756528.38,6471290793.55,6430254652.59,7184333936.01,7383496254.24,6730736282.79,8623242743.30,8800430486.17,10003892565.20,11125783372.48,
Moldova,MDA,GDP (current US$),NY.GDP.MKTP.CD,,,,,,,,,,,,,,,,,,,,,,,,,,,,,,,3592857043.05,3094565870.64,2319243435.96,2371813323.57,1702314267.59,1752999370.46,1695122173.91,1930081168.83,1698717504.66,1170782957.37,1288429391.80,1480673594.06,1661818168.42,1980907434.77,2598249555.90,2988342907.03,3408255450.55,4401173151.94,6054824248.24,5439434271.79,6974982369.60,8414352020.49,8709138634.83,9496717875.52,9402090137.74,7797667196.73,7980917075.77,9514404016.21,11252353420.88,11736797054.70,11530746234.45,13691869264.08,14525337523.73,16711906746.21,18200340853.65,
Madagascar,MDG,GDP (current US$),NY.GDP.MKTP.CD,673081724.75,699161944.56,739286907.59,759345863.73,802482183.73,833563473.00,900264584.59,956436932.10,1031669637.40,1056391055.60,1111859570.88,1199507631.08,1341590690.41,1653062335.00,1917508190.05,2283049215.35,2181844178.55,2358930406.07,2669755115.11,3463565853.81,5201818347.80,4759333998.37,4784977325.96,4686457031.23,3905938480.86,3802557894.87,4347989788.09,3212900555.81,3189456965.05,3175638332.64,3931334875.01,3254713056.02,3714966678.33,4063298919.29,3522227092.23,3838100903.75,4931861038.71,4262965419.75,4401967632.74,4277903780.29,4629247203.85,5438332601.91,5351701663.41,6372498889.67,5064732626.29,5859269752.61,6395712490.94,8524620889.58,10725137723.65,9616879409.44,9982711338.07,11551819617.87,11578975061.95,12423555455.39,12522957399.23,11323020701.30,11848613858.44,13176313593.55,13760033282.29,14104664678.51,13051441203.95,14354731964.33,15325603272.61,15869945477.85,17420501490.12,
Maldives,MDV,GDP (current US$),NY.GDP.MKTP.CD,,,,,,,,,,,19328038.32,21566404.02,25177137.53,30862041.60,39120171.25,24540877.60,22399467.11,20853788.71,24369109.14,38523364.49,42463576.16,44781456.95,47911340.18,57829787.23,109503546.10,127190757.96,141882254.23,141223029.38,168514513.38,189514434.24,215043969.85,244396761.92,284875809.04,322417837.16,356014932.14,398988954.97,450382327.95,508223602.38,540096397.62,589239753.61,624337145.28,870031676.80,897031250.00,1052121054.69,1226829562.50,1163362437.50,1575200390.63,1868383460.94,2271646187.50,2345294875.00,2588176054.69,2774350240.05,2886163997.21,3295009237.50,3697353039.20,4129505319.13,4409942623.86,4816426256.53,5404344162.70,5726094799.38,3712604583.37,5252457369.55,6177123352.26,6621008703.96,7061608267.25,
"Middle East, North Africa, Afghanistan & Pakistan",MEA,GDP (current US$),NY.GDP.MKTP.CD,29024394854.70,30987037284.52,30832534298.40,33981027251.59,37876511285.13,41652574542.00,44827741482.14,48702681113.62,55355053152.99,61449134768.69,69470512932.99,79185015019.21,93296927794.66,121486691403.82,220685922800.52,242549831549.76,301309936336.04,349601963146.59,371543137662.64,483140591969.34,621242313345.80,640118605672.84,641806002410.86,649495126896.61,656414744180.42,668194186438.67,676559260256.53,631785127853.38,631604979804.19,651160308645.27,836905738017.19,673738601159.40,711056428594.90,666711698357.69,703469153116.36,779385146780.06,863000127660.97,900773851360.49,882028072740.28,954730386631.29,1098757920690.97,1090545600290.90,1084279807640.54,1208917725723.26,1425161843634.64,1696919964189.20,1984658175210.17,2340843268764.84,2889953352465.81,2605610958503.18,3041621845298.68,3662713826837.54,3951058204949.10,3915741985695.48,3955125832586.57,3558416509933.66,3624240285092.23,3795353115732.68,4050508431278.92,4019889117584.40,3587451756047.23,4310652927209.13,5030925398736.26,4905729965245.33,5094721946852.29,
Mexico,MEX,GDP (current US$),NY.GDP.MKTP.CD,13040000000.00,14160000000.00,15200000000.00,16960000000.00,20080000000.00,21840000000.00,24320000000.00,26560000000.00,29360000000.00,32480000000.00,35520000000.00,39200000000.00,45200000000.00,55280000000.00,72000000000.00,88000000000.00,88875923765.07,81912018783.50,102648570299.12,134531900898.93,205577055465.99,263797827860.49,184602611609.52,156167000432.99,184230754105.39,195241069482.08,134556034672.99,147542558208.89,181611150496.79,221403098266.77,261253675692.84,313139656145.75,363157832923.73,530160763662.54,553618247900.74,380157469866.85,432157945024.43,523449530464.26,557461102630.66,631249359702.39,742061329749.13,796064590549.14,810666116401.92,765549967703.27,819459227375.02,917571853529.10,1020265057882.01,1102355554971.95,1161553459715.10,943437415024.63,1105424238731.09,1229013703416.76,1255110424817.79,1327436290282.67,1364507717614.13,1213294467716.88,1112233497452.70,1190721475906.00,1256300182879.73,1304106203902.45,1121064767308.42,1316569466685.95,1466934724293.06,1798317581486.88,1856365616165.94,
Marshall Islands,MHL,GDP (current US$),NY.GDP.MKTP.CD,,,,,,,,,,,8408486.00,9116810.00,9973652.00,11607366.00,15217532.00,16691301.00,18153647.00,20210069.00,22209370.00,25545346.00,26710653.00,31020000.00,34918000.00,41749000.00,45144000.00,43879000.00,55989000.00,62983000.00,70688000.00,72798000.00,78476000.00,82507000.00,91063000.00,99461000.00,108071000.00,120230000.00,110858000.00,109884700.00,112070100.00,113352100.00,114838500.00,122406100.00,131960000.00,131128500.00,132900000.00,138000000.00,143200000.00,150500000.00,146600000.00,151200000.00,161100000.00,172300000.00,180700000.00,186400000.00,186000000.00,183700000.00,201800000.00,213700000.00,220000000.00,232900000.00,241800000.00,261245544.43,258723510.74,263761322.02,290108489.99,
Middle income,MIC,GDP (current US$),NY.GDP.MKTP.CD,254380808746.11,257716293344.37,260604632869.29,287120112863.84,326748563780.28,359974228362.06,373234480844.20,384168439192.97,406933448658.39,454719632225.34,497394778758.20,534228369111.71,600161045167.55,766886718376.92,976815722583.87,1078098104980.05,1160904820760.72,1301917067253.38,1443031406577.86,1678362101290.79,1986493674210.98,2231371215509.14,2198750357109.47,2131216215695.98,2192549478802.40,2282956356062.72,2329597450033.40,2403584804619.80,2563703586650.78,2747806444501.31,3150623904402.63,3044708628353.40,3237107286358.01,3501345257040.16,3942384848752.36,4590529240161.89,5108551494540.33,5422776104608.38,5322192219238.79,5120006885011.03,5556546271414.67,5573293851565.58,5676642577370.01,6355971327725.68,7458787938489.61,8806342066459.55,10373325425938.60,12745162554495.10,15135753455448.70,15187183923617.20,18500106536863.70,21818776039542.30,23251473713360.30,24703471814277.20,25857736813684.70,25097130636126.90,25404351578541.50,27795014626627.40,29601678469854.10,30509054766961.00,29540859400642.80,34855974285498.80,36528767758177.80,37622349618946.30,38925709373017.70,
North Macedonia,MKD,GDP (current US$),NY.GDP.MKTP.CD,,,,,,,,,,,,,,,,,,,,,,,,,,,,,,,4699646643.11,4938775510.20,2436849341.98,2682456896.55,3559608639.98,4707041315.24,4642021256.31,3912986090.97,3765745023.21,3863619284.78,3772859034.21,3709636030.67,4018365747.01,4946296599.08,5682784471.70,6258602872.68,6861226971.56,8336474973.73,9909552434.51,9401736825.43,9407170321.38,10494626767.64,9745261300.58,10817702346.07,11362265252.78,10064519962.57,10672467073.29,11307067069.67,12683068114.24,12606338448.55,12361036913.84,14000283827.02,13932436550.09,15855131188.91,16951682245.42,
Mali,MLI,GDP (current US$),NY.GDP.MKTP.CD,,,,,,,,275494477.59,343771972.99,339913867.09,359772315.10,395218628.92,486617280.26,563683703.30,538747339.96,830710615.18,939228017.25,1049838548.11,1222702572.85,1595422955.64,2704362788.90,2234583940.39,1680304773.44,1496616126.59,1387809614.75,1594347021.37,2132938007.11,2437004679.63,2712207900.70,2824822489.25,3248417790.51,3576562681.84,3680775036.81,3632801877.21,2655768635.57,3373322735.39,3743103419.63,3414879485.63,3894433432.47,4091446054.21,3521570875.91,4124281593.72,4647238256.57,5605613011.29,6485774930.48,7429066951.48,8212007554.03,9699047442.51,11462490840.28,12155217832.88,12710739159.40,15452791789.00,14795114602.64,15747192680.91,17081681993.17,15583181170.41,16743796799.83,18308362040.05,20368015381.24,20477421884.54,20698560938.78,22999245262.67,22539987718.76,24813860598.53,26794747239.88,
Malta,MLT,GDP (current US$),NY.GDP.MKTP.CD,,,,,,,,,,,250728796.29,264578484.77,295106628.34,345616105.88,376081124.27,474618321.46,527936988.79,625563170.67,793673401.64,1001288846.84,1250198601.09,1243509393.62,1234474404.03,1165729706.87,1101807023.05,1117797439.14,1435038441.12,1751293460.69,2019503068.03,2118655676.68,2547328747.51,2750216746.88,3021942758.84,2709193538.43,2998505428.15,3709396044.86,3822547197.25,3787023706.67,4010111688.35,4111857809.11,4036809815.47,4070867133.22,4455127414.46,5418315224.41,6104141520.08,6393234992.55,6749838805.59,7908412305.63,9135419464.96,8734745697.93,9097044159.27,9789361703.07,9609532089.16,10796782636.11,11888032873.83,11340795042.09,12025782834.15,14161366724.20,16153779510.99,16337793530.73,16404663226.46,19739875611.49,18928276162.41,22610561526.15,24971574502.45,
Myanmar,MMR,GDP (current US$),NY.GDP.MKTP.CD,545098447.64,605581577.29,634528872.02,598998418.72,411419905.85,367053117.22,293103478.55,420359035.90,559956130.28,571854214.59,563555630.77,587448405.49,662213082.74,719754655.36,1225589878.07,1061107353.67,1204699849.13,873579931.93,935408774.95,952265043.44,1038225167.06,1111000765.29,1481165467.83,1381573615.25,1304063253.04,1478908173.27,1582873750.32,1562448076.66,1541088312.25,2013448228.73,2115193513.30,2069832686.98,2411552288.76,3163020034.64,4432257173.65,5289174942.53,6123556716.81,4722288495.66,6459461639.30,8486832800.88,8905066163.59,6477790688.23,6777632512.08,10467109977.67,10567354056.40,11986972418.51,14502553709.83,20182477480.55,31862554101.94,36906181380.81,49540813342.48,59977326085.99,59937796648.22,60269732854.83,65531374210.32,59607290408.44,63298361983.57,66053040475.03,67860515993.12,75065106243.36,79006113670.28,66345291149.44,62253049903.28,66757619000.00,74068349523.81,
"Middle East, North Africa, Afghanistan & Pakistan (excluding high income)",MNA,GDP (current US$),NY.GDP.MKTP.CD,21951472905.77,22897686861.87,23311084904.70,25680699750.24,28686249644.31,31805270075.23,33969222899.08,37310104873.74,41897056400.56,46594338113.99,52340685827.54,59203404913.31,67256893586.37,82948300158.03,127536402529.72,146512034375.34,180747740964.07,208782139666.99,224123730455.51,278630477033.72,338338373850.26,330377717262.53,369223568200.68,404172364784.85,422201894049.53,453639097759.67,487666576858.25,426964720173.31,414053622106.05,415824495351.47,561877076910.39,380581307726.01,390454378977.41,344284389247.26,361933969697.60,403354671308.58,446894233172.40,465770068822.28,475820335108.72,515243741248.18,577555414244.50,580413513039.63,564911705200.04,624719536900.61,739740964066.95,857124990344.53,996469245693.86,1209996477297.73,1466149480564.83,1418668447670.53,1626058953369.58,1906060807193.34,2052891275800.41,1930423514701.75,1919784977902.52,1780659355969.30,1849124741125.58,1878260539942.56,1877875348076.98,1834354275856.43,1667961526440.19,1939712222007.44,2160815136190.98,2094668147144.99,2203604227426.38,
Montenegro,MNE,GDP (current US$),NY.GDP.MKTP.CD,,,,,,,,,,,,,,,,,,,,,,,,,,,,,,,,,,,,,,838288806.00,854261160.71,828950327.35,984293043.81,1159869245.93,1284685050.52,1707710053.15,2073234417.68,2257174480.79,2717702923.10,3677910895.15,4540861725.50,4142640316.75,4136936189.28,4507126949.09,4071829462.26,4422097762.78,4579636601.80,4010885990.84,4357469330.47,4803962015.62,5433467174.79,5483476883.47,4723571497.76,5823715809.63,6251215144.13,7644389159.84,8270016670.87,
Mongolia,MNG,GDP (current US$),NY.GDP.MKTP.CD,,,,,,,,,,,,,,,,,,,,,2101394100.00,2310099100.00,2552401933.33,2725736633.33,2098734600.00,2186505475.00,2896178866.67,3020611600.00,3204461566.67,3576966800.00,2560785660.00,2379018326.32,1317611863.85,768401634.15,925817092.22,1452165005.24,1345719472.36,1180934202.84,1124440204.85,1057408588.68,1136896123.61,1267997934.31,1396555719.97,1595297355.78,1992066808.10,2523471601.10,3414055661.62,4234999703.90,5623216608.04,4583850367.89,7189481998.90,10409797377.86,12292770631.57,12582122604.26,12226514668.06,11619892590.69,11181350649.36,11480847740.74,13178094720.50,14206359017.51,13312981429.09,15286441737.67,17146471713.75,20325121393.91,23794540024.51,
Northern Mariana Islands,MNP,GDP (current US$),NY.GDP.MKTP.CD,,,,,,,,,,,,,,,,,,,,,,,,,,,,,,,,,,,,,,,,,,,1284000000.00,1239000000.00,1210000000.00,1061000000.00,990000000.00,938000000.00,939000000.00,795000000.00,799000000.00,729000000.00,746000000.00,772000000.00,832000000.00,910000000.00,1230000000.00,1560000000.00,1301000000.00,1179000000.00,866000000.00,914000000.00,1096000000.00,,,
Mozambique,MOZ,GDP (current US$),NY.GDP.MKTP.CD,,,,,,,,,,,,,,,,,,,,,,,,,,,,,,,,3854856434.58,2798696511.18,2883161897.43,2958108170.32,3061646173.74,4030146134.57,4873663774.93,5551118148.74,6285219691.22,5930685214.62,5650154067.10,5950769426.60,6583526860.58,7937255565.36,8868504899.95,9509835536.93,10811456005.94,12920340964.65,12263894790.01,11411894723.86,14619279988.72,16688114144.07,17198073057.20,17978246586.07,16208985769.62,12069051237.17,13264640645.78,15017358952.85,15512759046.67,14235420174.19,16168055475.44,18883528581.37,20921079532.61,22745341305.06,
Mauritania,MRT,GDP (current US$),NY.GDP.MKTP.CD,,159213430.20,164271557.51,168186297.28,224495743.87,255340475.00,266533605.19,282615310.22,311395937.32,295062308.47,309405315.99,335568907.05,391669449.29,493237876.27,613010552.50,703377837.45,775045516.83,799030017.06,804629876.85,951900945.25,1047925105.54,1105494681.63,1108776652.78,1165171263.35,1074373230.36,1009723326.33,1186628778.49,1344664724.69,1414951290.07,1450647019.18,1506914407.82,2133692696.75,2164298425.48,1847353211.35,1944876755.01,2091726101.43,2132087009.29,2071996564.05,2032347664.95,1985922775.53,1779520886.47,1746063557.61,1777057481.26,2051147606.74,2362501023.24,2936019525.60,3919577285.93,4346212355.03,5206437193.80,4714595547.75,5628878797.98,6764627745.90,6728208836.22,7223071097.08,6592537781.82,6166863896.69,6398747592.13,6800135898.29,7473550557.07,7894764885.82,8260752385.23,9222536364.01,9557966698.25,10726838461.40,10908045686.88,
Mauritius,MUS,GDP (current US$),NY.GDP.MKTP.CD,162089563.83,191757729.48,197738207.86,253839557.95,218914569.18,230024160.52,227534083.45,238439290.87,206576630.58,221553612.87,224125805.01,251437337.84,318664899.64,404285775.08,669894029.62,673311287.07,713510051.52,834722972.20,1029040323.37,1227446632.18,1147027924.11,1157769443.59,1092923635.58,1104956573.10,1054564759.05,1090611324.68,1482601552.40,1906174437.97,2163252449.13,2211312823.21,2689212760.19,2895354736.18,3267677814.24,3307302125.88,3606050873.01,4094741652.30,4481489761.54,4243755307.55,4225813976.36,4402193195.47,4726108622.48,4675755867.18,4906494249.38,5894873919.75,6667418752.07,6576108447.48,7137710412.94,8277442915.00,10127777060.41,9264513545.14,10144716154.94,11677718382.43,11832323837.11,12434596541.30,13230490081.57,12162211503.08,12757680846.57,13896938315.28,14957535715.97,14645235204.62,11566111137.56,11622048696.81,12936444123.30,14072212290.46,14937861786.17,
Malawi,MWI,GDP (current US$),NY.GDP.MKTP.CD,,,,,,,,,,,,,,,,,,,,,1801156774.57,1801193909.52,1717379494.63,1780148049.44,1758028656.13,1646442272.89,1722586299.41,1721711808.48,2008189508.38,2314205129.58,2737087861.62,3206783830.42,2618837835.03,3013392658.00,1719864761.31,2033701497.97,3319573749.61,3875785863.38,2547609590.07,2584478924.06,2537307580.33,2498008664.67,5087328437.87,4669789300.36,5058726350.49,5320409651.48,5818279739.14,6451210219.12,7743617352.21,9009887946.82,10128323010.60,11648142958.37,8773203178.17,8031571927.62,8801326169.15,9219474379.32,7909868618.46,8943543793.58,9879220354.29,11051852712.61,11769313597.85,12378119199.08,12429059928.10,13363669672.94,11316411329.46,
Malaysia,MYS,GDP (current US$),NY.GDP.MKTP.CD,1916229477.14,1901856122.72,2001489602.18,2510110348.16,2674423922.49,2956337669.30,3143517943.83,3188924677.09,3330371551.21,3664552041.34,3864145667.41,4244395955.78,5043347250.42,7662902677.90,9496204301.75,9298800799.47,11050234598.62,13139488632.55,16358079862.11,21213264962.01,24488224677.21,25004285791.79,26804493635.33,30347442110.93,33942897422.05,31199633352.96,27734111399.75,32181210157.97,35272109220.20,38847965292.92,44024585239.61,49143148094.27,59167550162.96,66894966968.97,74478356957.78,88705342902.71,100855393910.49,100005323301.87,72167498980.84,79148421052.63,93789736842.11,92783947368.42,100845526315.79,110202368421.05,124749473684.21,143534405818.50,162692258307.06,193549569477.73,230811614370.38,202257453036.64,255017638455.59,297951668674.84,314443047642.11,323276235524.42,338066095097.25,301355266964.95,301256033870.33,319109094160.34,358788845712.53,365177721021.52,337456163961.21,373784553029.98,407830525989.55,399949418752.66,422227005428.69,
North America,NAC,GDP (current US$),NY.GDP.MKTP.CD,582624755153.85,603055003182.73,646056325348.93,682281489551.13,733740484526.02,796652272547.49,874400174025.38,925611758906.73,1012423833006.16,1097008083538.61,1161681557632.31,1264667554743.51,1392809248873.62,1557409843565.64,1706504788139.06,1859668757176.56,2081069912576.07,2294598176304.65,2571444342386.25,2871741324295.71,3132696865996.05,3515026742787.86,3659222307440.61,3976793677182.73,4395317100091.54,4706204512481.65,4959811337023.72,5289645738278.71,5747233127658.55,6210293493275.24,6560811991360.99,6772291612315.62,7116394258318.85,7439432921639.40,7869047506907.26,8247740840061.21,8706425384132.75,9235474283855.55,9699948950000.00,10312911118271.10,10999201631931.60,11324592049355.40,11693699517098.00,12356169212634.80,13248368139278.20,14217175927778.70,15140995757591.00,15949814312783.30,16329827601721.70,15859346076157.30,16672942337486.30,17399367444174.50,18088716899521.60,18696254170835.00,19362844040439.90,19769184098217.10,20230005494907.40,21133744509244.10,22265612481783.00,23132124767672.50,22723045707000.20,25344749345423.20,27803134368745.30,29474089705278.70,31003826557365.00,
Namibia,NAM,GDP (current US$),NY.GDP.MKTP.CD,,,,,,,,,,,,,,,,,,,,,2421990338.12,2249908578.03,2118710248.33,2297400687.55,1951260037.95,1608237350.44,1809048527.11,2300068216.97,2495094746.44,2535135797.51,2789921853.53,2996869281.48,3429521699.40,3251188833.15,3666503529.63,3978514206.31,3989163196.57,4154989950.00,3873109865.56,3868551730.39,3922232164.83,3557341215.15,3349169826.39,4926439383.51,6609205994.77,7248374837.72,8001779551.06,8839536476.00,8607431497.49,8938847189.08,11431412421.13,12523359440.55,13042053591.69,12043307277.12,12435430969.63,11335161083.51,10722018732.09,12895153370.91,13682019076.40,12541928303.48,10583748541.53,12402486183.64,12569449123.37,12408271449.22,13372354511.72,
New Caledonia,NCL,GDP (current US$),NY.GDP.MKTP.CD,,,,,,159594492.46,164206536.45,180036767.65,215507162.57,263108841.34,358815684.07,413985778.59,506808996.69,542293399.86,637403478.49,816652164.40,798313521.69,837620126.56,846004687.76,1047225723.57,1182463951.22,972564154.82,904599869.73,823857893.16,796066194.74,854820893.58,1201321513.77,1488093101.50,2072775508.15,2185082938.93,2529440424.17,2653780672.10,2923883281.09,2822243780.98,3038728384.87,3628440505.14,3606968436.00,3291131281.04,3556304832.68,3647802049.81,3420032041.07,3297734891.15,3740056747.72,4915353827.11,5895008977.95,6238629487.01,6979155387.87,8819917180.34,9067619760.07,8704438102.20,9364350076.91,10351448004.77,9659151917.40,10151382933.16,10635035594.75,8738203074.40,8724568954.90,9174048681.99,9896402283.69,9475655324.59,9454629467.91,10071349663.85,9623318718.31,9769167530.36,8548919387.13,
Niger,NER,GDP (current US$),NY.GDP.MKTP.CD,449526873.30,485785230.98,531736599.25,586294878.74,582816396.40,673383510.81,702296078.59,665586872.27,641214226.21,625867985.27,649916621.24,693573703.63,742779660.82,946385105.19,1026137110.89,1048690933.21,1064517601.29,1291458041.46,1774365589.71,2109277665.70,2508524720.72,2170893414.39,2017612215.98,1803099561.20,1461243326.13,1440581652.40,1904096998.30,2233006104.93,2280356192.76,2179567114.33,3512356507.89,3285796874.97,3386232579.23,3052673849.25,1938058175.21,2302537562.24,2405686940.05,2290318910.21,2643363518.99,2537789820.69,2241753192.81,2448714703.97,2782192878.67,3394084732.50,3760443737.54,4383315964.59,4756361252.38,5731485051.79,7297600226.01,7352131309.73,7851192502.31,8772950777.79,9426912647.59,10224897437.86,10862943543.54,9683867926.44,10398861981.76,11185104251.69,12837307496.88,12889555561.23,13744653103.06,14915002436.07,15433852712.30,16698786977.59,19876128485.79,
Nigeria,NGA,GDP (current US$),NY.GDP.MKTP.CD,4196174501.53,4467287893.08,4909399176.24,5165590253.76,5552931318.83,5874537650.18,6366917453.23,5203237918.70,5200997919.60,6634317346.27,12546094981.56,9181769911.50,12274416017.80,15162871287.13,24846641318.12,27778934624.70,36308883248.73,36035407725.32,36527862208.71,47259911894.27,64201788122.61,164475209515.94,142769363314.18,97094911792.05,73484359521.49,73745821158.23,54805852580.91,52676041931.11,49648470440.46,44003061108.40,54035795387.81,59526833412.36,52058181853.81,56721051402.47,80399613063.64,140919776986.36,185730236700.00,200850397618.18,218416200672.73,59145077039.14,69171451627.25,73557840064.49,95054059302.70,104738954264.23,135764731645.61,175670569969.35,238454997161.48,278260846800.10,339476276257.79,295008835381.00,366990417129.04,414466676831.16,463971018239.28,520117180313.91,574183763411.51,493026682800.63,404649125252.16,375745731053.43,421739251509.08,668219992691.46,598586817819.07,609147716972.86,646950257577.81,487387801880.60,252261880141.15,
Nicaragua,NIC,GDP (current US$),NY.GDP.MKTP.CD,227223322.14,244144236.65,269283803.69,297324163.10,347119918.16,564290020.38,607140010.48,657140010.75,692859984.61,750000002.89,778569938.82,828569953.47,878570045.45,1092900014.79,1521400011.53,1581599958.60,1836899998.95,2226999873.72,2127699978.78,1567599981.70,2144300006.18,2474700227.05,2454499872.04,2753100057.79,3117599872.09,2683699935.36,2885799993.92,3851200117.77,2630900095.60,1013184755.57,1009455483.87,1488804123.71,1792800000.00,1756454248.37,3863185119.05,4140470000.00,4308351902.79,4389973489.86,4635347385.54,4856026259.08,5109587049.97,5351752034.22,5223727302.55,5322228350.58,5792932838.40,6321324279.15,6763672380.61,7423375014.76,8496967596.77,8298702489.08,8758602232.98,9774329332.71,10532017231.83,10982988249.21,11880438824.45,12756696261.07,13286093388.48,13785893007.48,13025221974.23,12699023614.25,12726422432.49,14209020361.85,15634572502.23,17805842283.87,19693982967.59,
Netherlands,NLD,GDP (current US$),NY.GDP.MKTP.CD,13282979014.56,14599836396.39,15847582341.17,17193744109.04,20232048552.83,22721869808.14,24741480717.04,27143828098.75,30097635750.98,34086038090.40,38220884519.39,44644730576.44,54787070173.03,71946639602.71,87371810804.16,100397061693.97,109329386564.43,127203923857.41,156089077205.13,179933827309.68,195439301706.94,164375775854.46,158712765536.02,153671294108.56,144124462912.09,144057523221.87,201157708220.90,245406949521.32,262295966105.47,258716904291.80,318799003993.71,327982316124.47,363497050125.31,354070495965.83,379688232231.51,452967334614.33,451372549019.61,417506211881.64,438612530548.77,447778514140.16,417649282153.73,432536219668.90,475529972122.75,582435617081.96,661224886143.25,688133699635.80,737593995289.41,853499460872.55,957901566041.41,878954223140.23,852464982433.34,913140741332.69,845689017065.63,883951539006.67,901556501756.47,775743675302.73,797163949289.89,848233537845.88,929733599796.86,928903005576.47,932560861701.17,1054472123449.60,1046540797548.64,1135475867551.00,1214927698572.66,
Norway,NOR,GDP (current US$),NY.GDP.MKTP.CD,5197398721.41,5669689210.32,6107076928.63,6553269535.51,7206522121.80,8111945661.22,8753940266.90,9577383653.18,10227087165.24,11136187439.83,12814123115.26,14583114840.06,17358610849.70,22534253702.87,27145693810.13,32877805200.02,35942270686.34,41508030431.11,46522900253.71,53132244623.92,64439382896.02,63596654760.87,62647195537.65,61627240831.09,62057955032.78,65416879914.39,78693118044.00,94229907235.62,101900260856.22,102633934390.62,119791843059.57,121872464483.49,130838040067.58,120579213712.80,127131319428.70,152029612324.79,163520109150.67,161356631888.48,154230295158.45,162383706021.13,171457201935.97,174239354070.98,195914852576.47,229385469337.02,265268662473.30,309978579743.89,346915160681.71,402643260487.57,464917553191.49,387976400617.02,431052143940.44,501360549669.40,512777309841.00,526014468085.11,501736471832.85,388159512245.53,370956547619.05,401745275035.26,439788625883.80,408742840909.09,367633418886.63,503367986030.27,596297651035.80,482949731776.59,483592648313.30,
Nepal,NPL,GDP (current US$),NY.GDP.MKTP.CD,508334413.97,531959561.62,574091101.19,496947904.44,496098775.31,735267082.29,906811943.82,841974025.46,772231386.91,788641965.43,865975308.64,882765471.60,1024098400.36,972101725.00,1217953546.98,1575789254.47,1452788984.86,1382400000.00,1604162497.46,1851250008.33,1945916583.33,2275583316.67,2395423741.80,2447174803.38,2581207387.80,2619913955.52,2850782044.04,2957255379.54,3487009748.36,3525225786.59,3627560239.49,3921476084.89,3401211581.29,3660041666.67,4066775510.20,4401104417.67,4521580381.47,4918691916.54,4856255044.39,5033642384.11,5494252207.91,6007055042.18,6050875806.66,6330473096.54,7273938314.72,8130258377.91,9043715355.89,10325618017.38,12545438605.40,12854985464.08,16002656434.47,21573872420.70,21703100877.13,22162204924.57,22731612922.19,24360801286.76,24524109483.53,28971588940.36,33111525237.15,34186180699.03,33433659301.25,36924841394.26,41182939600.62,41047772331.10,42914268286.71,
Nauru,NRU,GDP (current US$),NY.GDP.MKTP.CD,,,,,,,,,,,17570366.22,19009433.31,21734268.69,26529816.78,35994511.42,40106775.91,40287427.20,40444701.77,41754147.30,44431330.23,46947124.23,51689636.60,52877742.47,48439093.12,47363231.30,41548740.51,39939390.74,40118409.87,45931133.59,53736786.09,55572375.53,52533788.56,51133123.13,43542088.25,39742511.24,39969705.97,37458801.21,37331507.28,29664450.93,27328612.61,26930980.34,22613287.54,21017423.61,24778159.58,30587565.80,30070666.07,29200359.39,22766972.19,37602264.73,44176245.55,47562844.61,65071879.78,101055722.95,94385014.94,99149244.40,84863440.58,97541943.04,109355638.87,130995566.30,125160115.55,124685688.16,175390280.69,152373433.91,151435609.58,162588620.63,
New Zealand,NZL,GDP (current US$),NY.GDP.MKTP.CD,5536098360.50,5721994864.23,6133158532.22,6699741645.08,7340766415.02,5706251400.20,5917437693.37,6016017227.09,5228045415.27,5814357708.51,6495605330.94,7911136757.07,9567331064.66,12802281897.87,13940981798.12,12861983284.39,13604832424.01,15446825318.46,18530518394.65,20731243113.29,23244547384.67,24417617184.25,24164603058.99,24309279705.57,21665975318.88,24679795396.42,30604668356.57,40376354069.95,45176811594.20,43920222524.71,45495129385.05,42745329732.16,41649829859.63,46775620817.43,55314732279.14,63918703506.91,70140835299.01,66075143415.50,56227169851.04,58762260625.88,52623281956.70,53872425916.62,66627729311.45,88250885550.26,103905210084.03,114720129550.10,111538810712.67,137188946865.58,133437126590.29,121663439315.39,146887902524.05,168484908960.08,176560711239.15,191012364176.88,201518402787.38,178224167087.99,189100085275.23,206745969246.07,211985631173.21,213006341101.87,213029554653.69,253977931814.97,249509991440.44,255194972673.12,260172385097.62,
OECD members,OED,GDP (current US$),NY.GDP.MKTP.CD,1061504516553.67,1132125347763.20,1224162735686.56,1317605393450.63,1441848721878.44,1566490842668.13,1714939911148.91,1832895163805.07,1988017146245.21,2190828362375.71,2400426381002.29,2659381214254.36,3088987028519.77,3739083527748.63,4194195712763.06,4700213593995.64,5093104008181.73,5744062081858.05,6914445143890.49,7982841628892.18,8865947967454.05,9028194538270.77,8888513303369.21,9188516945715.16,9603996059992.16,10110195128167.80,12253426374959.40,14192048913694.00,16001599667479.50,16740901991842.80,18852771505915.80,19962310501302.50,21476777564065.50,21810120242132.00,23317201872963.50,25775313382970.90,25998480809047.60,25612994056118.20,25797604159261.00,27106690974475.90,27710878931912.80,27457252150822.00,28647750264306.80,32044541404358.70,35679871689452.80,37741346324531.80,39831449904961.40,43614701103479.80,46310285113488.40,43330741173451.50,45454235949425.10,48907463676194.20,48848423144456.10,49513745558643.50,50544319752323.10,47647221796959.10,48552474323847.70,50696690374014.30,53652083661572.90,54168727321922.00,52851603026620.40,59024824389525.60,60588200976081.30,64648892594414.40,67500141717526.30,
Oman,OMN,GDP (current US$),NY.GDP.MKTP.CD,44234656.45,45634487.35,56273202.20,59912762.54,61872525.80,63279974.69,67759972.90,107151832.49,188879848.90,239999808.00,256319794.94,301010587.10,366883548.35,483066990.61,1645917776.49,2096699189.35,2560220034.74,2741169947.89,2740301389.69,3733352634.63,5981760277.94,7259120150.55,7554719455.70,7932541690.79,8821443150.92,10005645420.46,7324167369.14,7811183094.93,8386215864.76,9372171651.50,13310273081.92,12918335500.65,14183615084.53,14230429128.74,14715214564.37,15722236671.00,17402080624.19,18039791937.58,16044213263.98,17832769830.95,22259557867.36,22205721716.52,23065539661.90,24733680104.03,28378933680.10,35506892067.62,42577633289.99,48300390117.04,69804681404.42,55454096228.87,64993498049.41,77497529258.78,87408842652.80,89936020806.24,92699089726.92,78710793237.97,75128738621.59,80856697009.10,91505851755.53,88060858257.48,75909492847.85,87323797139.14,109852795838.75,106174708036.51,107137198769.39,
Other small states,OSS,GDP (current US$),NY.GDP.MKTP.CD,,,,,,,,,,,,,,,,7536675203.90,8756552568.56,10751088165.87,12466371860.65,16393627218.65,24469509824.12,22822814056.89,21876317950.67,20072665045.93,19829824799.84,19321547628.08,19271096441.88,24115018695.34,25998041841.16,26569541981.30,31954015146.09,33550913338.58,36340445474.87,34799288268.85,36855488520.06,43750838197.89,44988678305.93,45001855690.82,45175657737.89,47126365701.03,47447997552.70,47626338324.03,52120882271.41,64819023763.20,76946971607.89,86284116802.34,95906051121.50,115441290811.04,125084843511.02,107800935552.04,112786676665.29,128764134519.09,125761130889.04,130969039548.28,135415545370.95,121433707011.69,128159325016.12,143284613956.47,158073876709.73,158530142448.22,146157676838.95,172038213758.24,181859538439.06,196615944595.18,208127281931.64,
Pakistan,PAK,GDP (current US$),NY.GDP.MKTP.CD,3749265014.70,4118647627.05,4310163796.72,4630827383.45,5204955900.88,5929231415.37,6561108777.82,7464510709.79,8041999160.02,8683116337.67,10027509449.81,10665896682.07,9415016359.57,6383429490.21,8899191919.19,11230606060.61,13168080808.08,15126060606.06,17811515151.52,19688383838.38,23654444444.44,28100606060.61,30725971563.98,28691889763.78,31151825467.50,31144920844.33,31899070055.80,33351529274.69,38472742808.32,40171106279.01,40010423970.46,45625336680.20,48884671947.47,51809999353.16,52293470813.13,60636071684.19,63320170084.41,62433340468.02,62191955814.35,62973857068.51,99484802344.53,97145618479.90,97923302809.35,112371913740.82,132216048339.41,145208562960.77,161871385506.36,184140869997.46,202203748583.85,187337783856.47,196709621849.59,230586581059.67,250106966104.70,258657231672.41,271390474857.63,299963590534.77,313630000130.44,339205534861.10,356128166704.92,320909472770.67,300425609817.98,348516647445.15,374890295666.69,336686348609.27,371570000121.27,
Panama,PAN,GDP (current US$),NY.GDP.MKTP.CD,537147100.00,599026300.00,652120900.00,722784500.00,776137500.00,852485300.00,928833000.00,1034376400.00,1112791100.00,1221305700.00,1351006400.00,1523917200.00,1673411700.00,1913793400.00,2188307600.00,2435304100.00,2588106000.00,2738261900.00,3244558600.00,3704551600.00,4614086400.00,5222421500.00,5769767900.00,5923755900.00,6183387100.00,6541517100.00,6797834200.00,6827665300.00,5902783400.00,5918469800.00,6433967000.00,7074675500.00,8042337700.00,8782585400.00,9365289800.00,9573813700.00,9197503322.69,10058854386.14,11019557689.17,11660704777.09,11966497048.65,12252906340.68,12800851270.55,13603456003.29,15100203361.78,16623906739.31,18659721513.01,21717433808.27,25721327955.28,27791215547.35,30231009532.95,35687738251.81,41595439720.98,46949496479.40,51427104881.97,55767806073.18,59760858717.84,64327688826.31,67316471181.25,69778991192.56,57059846521.53,67396392506.24,76479304470.94,83812155244.34,86523959131.75,
Peru,PER,GDP (current US$),NY.GDP.MKTP.CD,2571986572.13,2897852693.27,3284322201.28,3598272493.31,4353664866.68,5163008077.37,6109048736.62,6194340079.88,5736083835.29,6420909789.83,7432223176.94,8289582883.68,9189413409.28,10994381895.12,13858441211.47,16931162355.48,16131958850.64,14544913960.51,12491876742.97,15954012439.17,18136838537.73,21648214892.88,21794535621.22,17345260564.48,17600400384.51,15078736875.39,21859448586.49,36889706592.68,15439408447.20,22499558526.37,26410386962.80,34341465998.20,35966302303.26,34832077220.85,44882079766.89,53312793687.38,55252414130.30,58147522522.52,55501467877.38,50187324567.88,51744749133.21,52030158775.41,54777553515.08,58731030121.87,66768703497.57,76060606060.61,88643193061.75,102170981144.14,120550599815.44,120822986521.48,147527631520.73,171761737046.59,192650021648.58,201175543571.39,200786250582.94,189802976285.62,191898104390.38,211007984080.91,222597009739.24,228346006003.65,201409694755.93,226328766459.63,246065570308.16,266958720837.99,289221969062.94,
Philippines,PHL,GDP (current US$),NY.GDP.MKTP.CD,7515894110.56,8171194424.94,4954593071.83,5505023238.41,5953756194.81,6517349771.93,7189017887.69,7724873935.13,8632749269.49,9571800652.56,7559115516.70,8375075629.83,9067815521.33,11412449735.31,15607882555.29,16875240683.51,19381055197.28,22283109803.35,25762224562.63,31218296292.13,36848080898.81,40499388869.13,42206011275.18,37759179894.53,35730185633.52,34961486348.24,33987207294.94,37791488666.07,43152128958.61,48513773720.67,50508286641.57,51784144942.73,60422328242.18,62036529147.18,73159336915.27,84644328727.48,94648084429.03,94106317565.08,74492416329.91,85640171045.13,83669788376.92,78921234457.55,84307345887.54,87039092974.23,95001999685.33,107419977318.17,127652926368.07,155980408673.40,181624626327.36,175974755881.37,208368893151.14,234216730291.32,261920540962.63,283902828588.72,297483555338.04,306445871242.32,318627003016.73,328480736802.76,346841896587.31,376823402239.14,361751145451.60,394087359848.11,404353369604.63,437055627244.42,461617509782.36,
Palau,PLW,GDP (current US$),NY.GDP.MKTP.CD,,,,,,,,,,,11563041.00,12706874.00,13956474.00,15331889.00,16848759.00,18521112.00,20364420.00,22308104.00,24530015.00,27004251.00,29728054.00,32726594.00,36027583.00,39661530.00,44814259.00,51030637.00,58109314.00,66169905.00,75348615.00,85800543.00,97702303.00,106555300.00,104771300.00,96455700.00,106138500.00,121018500.00,137494600.00,143860800.00,149079600.00,144206500.00,149551483.15,159446228.03,162658721.92,154566787.72,166363739.01,190961685.18,193611358.64,200789764.40,201067733.76,189854705.81,188042373.66,198742370.61,215616882.32,224110610.96,245591094.97,287057525.63,305227020.26,292148590.09,287998352.05,282041290.28,261688507.08,231343460.08,243826812.74,276733062.74,,
Papua New Guinea,PNG,GDP (current US$),NY.GDP.MKTP.CD,230496036.88,244832039.17,261184041.79,275968044.15,305312048.85,344176055.07,390992062.56,441728182.68,485184189.63,551263864.20,645568215.29,717750278.11,858761926.09,1299079410.44,1467417672.17,1356603608.10,1511843235.49,1640746618.68,1947878830.62,2293760510.96,2545808455.52,2498190847.40,2368719683.45,2562351551.04,2552662617.19,2423339171.50,2647995602.29,3143851794.09,3656177880.71,3546472565.69,3219729083.06,3787394957.98,4377980510.06,4974550286.18,5502786069.65,4636057476.43,5155311077.39,4936615298.79,3789443014.62,3477038204.02,3521339699.07,3081024212.43,2999511040.20,3536411824.30,3927157866.96,4865892972.28,8354911040.70,9545028944.35,11670892800.53,11619456449.27,14250786674.78,17985138065.85,21295168665.72,21261338064.88,23210823987.31,21723437010.10,20758876952.62,22742699138.36,24109780708.03,24750626029.88,23848447849.61,26109413521.31,31653185952.61,30816367066.96,31800428265.52,
Poland,POL,GDP (current US$),NY.GDP.MKTP.CD,,,,,,,,,,,,,,,,,,,,,,,,,,,,,,,65977748210.53,85500935934.99,94337050693.27,96043157272.86,110803635287.62,142838527115.45,160813026223.06,159893964916.82,175282269666.80,170704452714.67,172953527033.01,191823200371.28,199694463255.57,218561225998.47,256268656145.13,306999913150.53,345897630736.17,429715132137.50,535612030671.89,440891472247.10,478111630683.51,527848543023.47,498148649702.66,518179836405.36,542134167178.63,480054118583.37,473259583969.64,528356676667.21,594616687350.02,602683770144.88,605914237903.74,689170230665.35,695607470875.28,812451193396.14,917767106146.76,
Pre-demographic dividend,PRE,GDP (current US$),NY.GDP.MKTP.CD,24364156193.71,25256725916.30,27666238152.25,31983402735.24,30268695831.90,33350877902.16,36463686475.79,34694458407.64,37417938617.97,42086630830.73,47414033706.86,46895053548.26,55102867455.90,67902484335.70,93597653615.54,106608000583.93,124631310797.18,137554858322.70,156118418497.12,192716721393.74,238216835061.51,325165387007.18,308202776425.61,255682160761.94,238957760966.54,247847811937.89,214950800439.87,231283902157.62,242238712774.19,244959218939.25,397040693432.33,224731322067.62,174864985460.98,182710500408.32,190512119843.58,280321612128.05,339779202888.65,372342820435.90,394007939421.59,245465540938.21,283217741794.78,269595630716.13,312135025038.80,340468658786.46,424234077207.76,531122307123.83,668501035363.56,808147234929.24,1008759607190.09,914568494564.06,1069026110406.58,1236913791144.92,1346198740218.36,1476563371928.87,1564245572947.51,1327634282632.05,1178803226989.30,1232604777297.10,1372023278046.38,1634625884352.83,1494279104787.47,1633932588860.86,1860790512304.23,1680243373294.08,1510802883684.15,
Puerto Rico (US),PRI,GDP (current US$),NY.GDP.MKTP.CD,1691900000.00,1865100000.00,2094400000.00,2333600000.00,2570500000.00,2881500000.00,3170500000.00,3532700000.00,3941700000.00,4460700000.00,5034700000.00,5646800000.00,6328900000.00,7002400000.00,7684800000.00,8198300000.00,8968600000.00,9910900000.00,11165000000.00,12750000000.00,14436100000.00,15955700000.00,16764200000.00,17276600000.00,19162600000.00,20289200000.00,22009300000.00,24025800000.00,26385800000.00,28161200000.00,30603919000.00,32287031000.00,34630430000.00,36922456000.00,39690630000.00,42647331000.00,45340835000.00,48187039000.00,54086400000.00,57841000000.00,61701800000.00,69208400000.00,71623500000.00,74827400000.00,80322313000.00,83914521300.00,87276164400.00,89524131600.00,93639300000.00,96385600000.00,98381300000.00,100351700000.00,101564800000.00,102450000000.00,102445800000.00,103375500000.00,104336700000.00,103445500000.00,100958100000.00,105126400000.00,103130900000.00,106426600000.00,113843700000.00,118478754280.88,126029527033.71,
"Korea, Dem. People's Rep.",PRK,GDP (current US$),NY.GDP.MKTP.CD,,,,,,,,,,,,,,,,,,,,,,,,,,,,,,,,,,,,,,,,,,,,,,,,,,,,,,,,,,,,,,,,,,
Portugal,PRT,GDP (current US$),NY.GDP.MKTP.CD,3339150157.86,3573719084.53,3835883663.25,4084251592.82,4429202656.91,4901711247.82,5370108031.13,6002607029.65,6644693214.18,7287555035.34,8108235704.32,9201604240.28,11239117865.09,15090564186.43,17512391475.93,19347607843.14,20332831564.99,21439523310.63,23487614051.09,26622819672.13,32896519823.79,31977276872.96,30527754793.14,27239650741.95,25217969049.58,27115807742.09,38745901353.71,48182925857.41,56347250696.38,60594092182.33,78713860216.57,89233599278.48,107592098307.10,95009751901.26,99688641304.35,118122007430.01,122630089680.27,117016535162.95,123946327916.30,127470385557.18,118605192877.39,121604107165.00,134795565549.42,165226175536.79,189382122532.17,197253876704.92,208756449275.85,240496147317.38,263416394624.08,244667762835.54,238443864993.22,245426767676.00,216536676771.97,226677408291.75,230078616299.68,199038523119.64,206305431241.64,220862990767.23,242092894542.89,240115970063.02,229618773422.58,256055879091.14,256898677175.02,292323800948.84,313271185085.10,
Paraguay,PRY,GDP (current US$),NY.GDP.MKTP.CD,288884368.02,322053713.16,360698412.70,383904761.90,408349206.35,443587301.59,465888888.89,492674603.17,517650793.65,556293650.79,594611111.11,664571428.57,769039682.54,995531746.03,1333475396.83,1511420634.92,1698960317.46,2092158730.16,2559857142.86,3416777777.78,4448087301.59,5624515873.02,5419411764.71,5673248726.16,4502462807.14,3282449235.76,3723993942.79,3971044723.80,4255683528.33,4757732199.96,5812114523.01,6984367762.90,7157424031.06,7249533620.31,7870982004.82,9062131475.02,9788391780.52,9965225678.05,9260481572.42,8837070235.52,8855705139.56,8495806432.18,7196260656.85,7691367471.18,9624440836.29,10737500188.11,13429430050.26,17856393235.43,24615267663.54,22355151162.00,27260886405.23,33756238766.49,33271921136.31,38501122141.41,40377929295.65,36211447840.10,36089700222.95,38997129473.56,40225448340.63,37925338329.16,35432178068.18,39950899938.75,41952910858.08,43118053174.55,44458118397.44,
West Bank and Gaza,PSE,GDP (current US$),NY.GDP.MKTP.CD,,,,,,,,,,,,,,,,,,,,,,,,,,,,,,,,,,,2843300000.00,3282800000.00,3409600000.00,3759800000.00,4067800000.00,4271200000.00,4313600000.00,4003700000.00,3555800000.00,3968000000.00,4603100000.00,5125700000.00,5348300000.00,5815700000.00,7310400000.00,8085700000.00,9681500000.00,11186100000.00,12208400000.00,13515500000.00,13989700000.00,13972400000.00,15405400000.00,16128000000.00,16276600000.00,17133500000.00,15531700000.00,18109000000.00,19165500000.00,17847900000.00,13711100000.00,
Pacific island small states,PSS,GDP (current US$),NY.GDP.MKTP.CD,,,,,,,,,,,423802353.21,477298982.38,565885771.69,757316230.70,1027747649.56,1136928461.97,1137538860.10,1196696800.81,1371556833.27,1652934748.58,1890599862.17,1955541041.41,1925494376.46,1843535002.96,1938376709.25,1862560930.09,2030345446.65,1986467977.59,2046486236.29,2132424514.70,2385132399.15,2529727432.96,2776997611.94,2916179026.94,3414639447.83,3704482553.04,3969814413.00,3979427587.99,3430045708.53,3741318814.05,3444510978.46,3387243161.86,3551511825.23,4235417103.89,4871855227.67,5408552591.62,5676286530.77,6254737579.63,6698070453.18,6037139996.77,6641384396.17,7750253720.19,8215475282.97,8541905877.81,9287744622.49,9105865614.90,9556119494.38,10290493043.47,10796141328.23,10624838178.13,9323221713.12,9453908127.93,10350119919.83,11224282183.21,12124739862.53,
Post-demographic dividend,PST,GDP (current US$),NY.GDP.MKTP.CD,1036846404629.66,1104529743893.63,1194893901950.17,1285602367385.20,1404569277544.68,1527388165094.78,1671049000687.52,1785813539500.60,1936814609946.53,2133714911578.00,2340980541390.24,2598629201643.57,3017210744666.43,3649031565778.62,4076836031233.58,4568901659447.26,4956423785910.19,5600985628552.04,6747119823317.63,7752803275148.30,8579077346423.67,8678485277522.67,8639011117249.75,8965479265577.29,9367677548893.54,9862682650638.40,12057445738906.00,13979579930866.80,15749021455055.10,16446952584907.30,18452271061071.40,19463679791716.50,20883380153099.00,21035284641458.50,22531939069611.80,25003710577480.30,25123705138852.30,24632009706644.90,24729604929999.50,25979732809251.50,26438505722462.00,26184037125663.60,27313364825215.20,30628727069752.90,34039699724658.10,35832108742171.10,37714121018548.20,41169440746383.30,43606905463177.50,41066034459934.20,42835110366846.50,46024007727818.30,45942497522573.00,46413780180350.60,47352271526907.40,44767511150189.70,45775578499373.80,47734461117479.60,50607464286251.20,51107356012296.70,49979090891717.80,55667487544829.40,56953387691844.60,60342185357196.30,62787810951925.40,
French Polynesia,PYF,GDP (current US$),NY.GDP.MKTP.CD,,,,,,176534588.40,215659453.55,220984367.63,259590074.53,242943783.14,254036000.75,296865513.75,326433558.08,431252938.06,555340842.86,690323388.53,732288906.27,793196378.71,1005569835.40,1215032463.67,1320416024.95,1234743073.00,1235897957.89,1284180701.01,1325515445.08,1448281228.16,2212028299.56,2677977163.21,2723496362.05,2731683484.45,3320159522.37,3410078967.90,3713785765.42,3544608548.42,3676123788.03,4186994249.09,4166072829.60,3762859093.26,3903186592.82,3911602004.14,3599845480.34,3573808556.31,3965405552.52,4927780606.77,5564109981.91,5705052134.54,5877997979.62,6631156405.60,7136741421.96,6584557973.94,6086644798.56,6203940036.92,5692858099.00,6031827122.61,6151996560.84,5325846361.81,5497036476.80,5833352692.80,6135116253.33,6022276196.14,5574821989.38,5994931236.42,5622688338.06,6137447782.87,6323716355.05,
Qatar,QAT,GDP (current US$),NY.GDP.MKTP.CD,,,,,,,,,,,301791301.79,387703105.52,510262500.18,793885559.97,2401403227.44,2512773165.81,3284273986.72,3617564637.89,4052000412.70,5632962996.83,7829165261.81,8661263763.74,7596703214.29,6467582307.69,6704395824.18,6153296456.04,5053021950.55,5446428681.32,6038187032.97,6487912087.91,7360439423.08,6883516483.52,7646153983.52,7156593653.85,7374450769.23,8137911978.02,9059340384.62,11297802115.38,10255495027.47,12393131868.13,17759890109.89,17538461538.46,19363736263.74,23533791208.79,31734065934.07,44530494505.49,60882142857.14,79712087912.09,115270054945.06,97798351648.35,123627197802.20,167775274725.28,186833516483.52,198727747252.75,206224725274.73,161739835164.84,151732142857.14,161099175824.18,183335164835.17,176371428571.43,144411538461.54,179732142857.14,235709340659.34,217308516483.52,219162637362.64,
Romania,ROU,GDP (current US$),NY.GDP.MKTP.CD,,,,,,,,,,,,,,,,,,,,,,,,,,,,38067567567.57,40424528301.89,41450777202.07,38247882300.49,28850634899.86,25121666666.67,26361160449.97,30072805104.25,37430162102.61,36937074278.30,35575214078.24,41696091973.71,35953156753.74,37253739511.13,40395116581.48,46065502702.58,57806384143.17,74973656851.81,98454380120.08,122023735992.71,174588782938.58,214315932061.28,174110532658.87,170064350671.83,192623977894.17,179117323107.09,189798603751.24,199722319675.74,177885131240.32,185290759248.84,210147385855.42,241791427223.90,250080428511.60,250625048303.58,285071280114.47,295319437556.99,347757995758.91,382564217988.87,
Russian Federation,RUS,GDP (current US$),NY.GDP.MKTP.CD,,,,,,,,,,,,,,,,,,,,,,,,,,,,,554828660436.14,506631299734.75,517014446227.93,517962962962.96,460290556900.73,435083713850.84,395077301248.46,395537185734.85,391724890744.50,404928954191.88,270955486862.44,195907128350.93,259710142196.94,306602070620.50,345470494417.86,430347420184.89,591016690732.39,764015973481.11,989932071352.54,1299703478481.65,1660848058303.11,1222645900055.70,1524916715223.95,2045922753398.04,2208293553878.42,2292470078346.22,2059241589895.01,1363482182197.71,1276786350881.14,1574199360089.00,1657328773461.31,1693115002708.32,1493075894362.14,1829186719575.10,2291612121334.64,2071505725030.58,2173835806671.66,
Rwanda,RWA,GDP (current US$),NY.GDP.MKTP.CD,119000024.00,122000016.00,125000008.00,128000000.00,129999994.00,148799980.00,124525702.86,159560018.00,172200018.00,188700037.00,219900006.00,222952504.41,246457838.34,290746157.15,308458423.18,571863500.25,637753853.13,746650613.03,905709076.42,1109346130.95,1254765641.52,1407062526.92,1407243139.25,1479687586.94,1587413083.92,1715626330.59,1944710683.87,2157432667.62,2395492686.78,2405022593.05,2550185679.08,1911600236.67,2029026961.56,1971525711.84,753636370.45,1293535193.49,1382334879.41,1851558197.31,1989343546.18,2157108262.84,2068836754.37,1966600715.50,1966003468.49,2138237278.74,2376496067.01,2933819766.18,3319784538.73,4070507894.62,5179854064.57,5674476969.06,6124756654.12,6884913658.11,7654761050.19,7819964030.18,8238966124.23,8543760199.80,8695272057.92,9252833891.41,9637904520.86,10349300276.76,10174386856.61,11078787090.16,13316161002.39,14331722703.41,14251642235.10,
South Asia,SAS,GDP (current US$),NY.GDP.MKTP.CD,43270012739.16,46076379864.37,49304727903.06,55539363101.62,63741466508.75,67970199332.83,54738691616.69,60155334542.35,63211416560.97,69748993757.95,74658791269.59,79443177465.62,81426298286.76,97561887957.81,116963620422.23,123400629130.85,117988534885.07,136743438548.56,155039888662.56,173920685619.92,210608299657.66,220616445555.58,226594563448.70,243700817417.40,239973094448.25,263678832418.15,280349120351.57,313355004645.13,334074870363.85,335790574664.33,364740287587.94,314469355543.22,333546277429.54,327009281232.95,377442853701.43,416341940329.58,458508459742.39,484982931205.65,492856423475.41,531825749349.83,544940514563.36,562554379798.02,593707009776.72,694775911444.33,804159915389.76,924419567611.27,1051884831127.45,1342148092012.26,1347380565219.40,1502961023415.75,1869826822189.78,2045738549420.96,2057958207279.98,2111097579998.97,2323062261530.80,2414503392484.38,2679313169377.96,3075955432871.73,3159841615195.07,3318484576527.33,3172770463749.49,3717045071833.11,3930640287773.46,4210302249458.65,4512296631866.31,
Saudi Arabia,SAU,GDP (current US$),NY.GDP.MKTP.CD,1748124063.56,1920811284.22,2130606531.78,2207393171.56,2371808712.89,2647955557.56,2920555557.11,3257022222.67,4187777711.11,4485777644.44,5377333333.33,7184806909.29,9664267086.60,14947435499.32,45412957746.48,46773208642.68,64005665722.38,74188986586.06,80266516686.56,111858444786.22,164539660725.12,184291360138.69,153240313858.32,129171635311.14,119624858115.78,103897846493.65,86961922765.33,85695861148.20,88256074766.36,95344459279.04,117630173564.75,132223230974.63,137087850467.29,132967957276.37,135174899866.49,143343124165.55,158662483311.08,165963684913.22,146775466666.67,161717066666.67,189514933333.33,184137600000.00,189605866666.67,215807733333.33,258742133333.33,328459608764.11,376900133511.35,415964509673.12,519796800000.00,429097866666.67,528207466666.67,680660800000.00,751921333333.33,769755733333.33,787153066666.67,693414400000.00,689279466666.67,741266133333.33,886564800000.00,888890133333.33,767951200000.00,982661066666.67,1239075200000.00,1218584533333.33,1239804533333.33,
Sudan,SDN,GDP (current US$),NY.GDP.MKTP.CD,1126364161.76,1222860428.56,1328259624.72,1351234926.34,1388282600.20,1446869619.32,1484491675.72,1607409539.37,1677771400.57,1847501441.26,2100229759.05,2288340041.03,2483055722.24,3077254460.30,3958931659.85,4823090191.91,6013210815.66,7499005639.38,8128719315.08,8418407786.61,8951800000.00,10753888154.28,8732542273.73,8230153846.15,10447615384.62,8075259600.34,10092200000.00,12093333333.33,14372555555.56,21408111111.11,33641222222.22,44171194366.20,7031933491.85,8881005435.81,12793794737.04,13830363899.92,9018300724.66,11681175864.34,11250221536.75,10682028339.69,12257299147.29,15716361792.19,18137128388.36,21355298459.60,26646007250.73,35182711987.97,45263831634.15,59440139774.81,64833083257.14,51621044076.92,58962978034.48,55018567210.53,37632919966.67,43024018082.19,49516748617.98,51726758676.77,42630376000.00,41283617976.19,32333780383.29,32338079165.29,27034593750.00,34229513774.99,51666875363.10,39898289820.80,49672435513.11,
Senegal,SEN,GDP (current US$),NY.GDP.MKTP.CD,1003692370.47,1058975256.97,1085475790.59,1122139861.68,1188930645.34,1210058228.17,1246908185.96,1246480765.98,1309384861.92,1245234931.43,1297407654.93,1339549032.84,1620857103.53,1863398590.46,2099325228.96,2830388404.90,2869777884.45,2938046462.71,3280354920.85,4084877822.92,4510108290.70,4095892780.58,4013951442.67,3569356124.93,3485165431.71,3818944917.57,5392093445.51,6487353102.81,6418419388.63,6366039372.54,7390967360.42,7255210469.52,7769817839.96,7367986241.22,5034588195.56,6326342633.40,6559712165.97,6041478725.90,6505607909.05,6592834932.81,6013185003.98,6507824829.26,7006402319.76,8768721563.18,10076816666.62,11009033437.94,11697918243.00,13994218412.96,16853989627.55,16145867494.94,16121315909.08,17814283639.31,17660870411.52,18918667724.88,19797253440.27,17774766696.18,19040312333.19,20996562943.60,23116701556.14,23403995992.14,24530513037.75,27520784129.75,27783332222.68,30696331295.78,32808056600.94,
Singapore,SGP,GDP (current US$),NY.GDP.MKTP.CD,704751700.30,764629788.12,826239211.82,917608012.49,894153311.42,974644096.14,1096425608.09,1238035815.79,1425706091.04,1659893767.84,1920574150.18,2263785443.62,2721440980.76,3696213333.33,5221534955.64,5633673929.99,6327077974.11,6618585073.66,7517176354.84,9296921723.83,11896256782.86,14175228843.64,16084252378.47,17784112149.53,19749361097.97,19156532745.77,18586746057.00,20919215578.21,25371462488.13,30465364738.62,36144336768.70,45466164978.29,52131320032.88,60603815716.27,73688724431.14,87812540788.43,96293086513.09,100123787215.30,85728207781.78,86286849754.89,96076539925.74,89793790669.65,92538372869.69,97646401095.64,115033593101.05,127807848728.40,148627286361.35,180941701357.97,193617323539.20,194150283771.57,239807980591.24,279356499090.46,295092888076.59,307576360584.99,314863580758.46,307998545269.40,319646468521.50,343673334902.33,377123710560.61,376161998830.05,349165858544.57,436591382250.46,509017841146.56,505439514078.02,547386645891.85,
Solomon Islands,SLB,GDP (current US$),NY.GDP.MKTP.CD,,,,,,,,25203524.03,28084252.76,28606411.40,,50056882.82,40606712.05,55272108.84,84539332.28,74620320.03,83100834.31,93145283.36,111027427.21,151276496.48,182852106.52,193750540.70,192902018.73,181220398.97,181570473.77,165524943.49,147620047.66,155128542.42,176494394.04,172882410.58,214877666.85,227540473.34,269034595.81,300746361.13,402837005.27,469443201.50,510586430.19,526554005.95,457579840.23,488024514.37,419842674.23,409508552.98,346406738.89,417666638.60,468000121.31,552881356.70,617257457.76,695291217.98,776335523.47,805557289.46,898128551.29,1063898226.72,1185217634.37,1285905957.64,1335576762.85,1307908813.60,1379486290.71,1469790526.40,1615473250.25,1619150563.92,1536143427.83,1558312103.84,1466670929.62,1506124566.40,1583964703.75,
Sierra Leone,SLE,GDP (current US$),NY.GDP.MKTP.CD,322009961.55,327834190.58,342721416.49,348547278.79,371847461.44,359379856.25,375479849.81,348795303.00,329859731.94,408690163.48,434410973.76,419549304.72,465381339.74,575230724.38,648590642.94,679336343.58,594895941.91,691777583.95,960728338.94,1109374911.30,1100685844.92,1114830471.92,1295361885.92,995104305.35,1087471861.99,856890459.36,490181456.62,660106336.10,1055083933.07,932974420.28,649644097.57,779981987.11,679940813.95,768867882.97,911853802.37,870740291.52,941709422.50,850232760.02,672368187.11,669386623.95,635866403.78,1681473893.77,1933863910.73,2142618045.93,2237350687.47,2545275312.61,3263697466.74,3632957611.35,4157895298.20,3953403098.37,4262805966.79,4861632884.68,6141666509.36,7502762862.73,7686138790.91,6788352974.78,6084297211.10,5749846528.48,6390514688.53,6523577594.29,6688307703.14,7166931485.49,7121125277.53,6415852766.74,6971127235.31,
El Salvador,SLV,GDP (current US$),NY.GDP.MKTP.CD,,,,,,877720000.00,929520000.00,976200000.00,1009760100.00,1049400000.00,1132920000.00,1186120000.00,1263720000.00,1442320000.00,1665880000.00,1884120100.00,2328280100.00,2941640100.00,3127960000.00,3463639900.00,3573959900.00,3437200200.00,3399189100.00,3506347800.00,3661683400.00,3800368600.00,3771663200.00,3958045800.00,4189880000.00,4372215300.00,4817542204.00,5252342400.00,5813399300.00,6680269200.00,7679384000.00,8921947100.00,9586327800.00,10221705900.00,10936669900.00,11284197000.00,11784927700.00,12282533600.00,12664190300.00,13243892200.00,13724810900.00,14698000000.00,15999890000.00,17011750000.00,17986890000.00,17601620000.00,18447920000.00,20283780000.00,21386150000.00,21990960000.00,22593470000.00,23438240000.00,24191430000.00,24979190000.00,26020850000.00,26881140000.00,24921190000.00,29043140000.00,31870120000.00,33853940000.00,35364960000.00,
San Marino,SMR,GDP (current US$),NY.GDP.MKTP.CD,,,,,,,,,,,,,,,,,,,,,,,,,,,,,,,,,,,,,,976606910.60,1048316225.70,1109473367.84,1007661366.67,1059529812.37,1148872072.39,1462590266.59,1715340542.99,1786514058.22,1909765165.43,2188654628.38,2403213305.04,2064277126.41,1881191925.33,1813717438.69,1604701299.44,1678741475.14,1673911426.17,1419401070.56,1468343139.74,1528620346.31,1655353653.06,1616340692.29,1541248248.81,1855652786.18,1829211863.95,2027527227.83,,
"Somalia, Fed. Rep.",SOM,GDP (current US$),NY.GDP.MKTP.CD,180459936.78,191659914.38,203531927.55,216145935.94,229529912.67,243725898.03,257375897.05,271781886.81,286719885.31,306357284.57,347985394.29,347039445.71,447883941.19,483699610.60,572504035.90,757015878.79,871344245.12,498550724.64,564571823.20,589566929.13,602515548.45,699302473.05,774578931.96,735408641.77,787434541.73,875702247.19,916590786.33,1018972664.46,1051596967.13,1181360843.94,1031282081.17,717974929.76,709297578.50,1260132955.79,1481205097.98,1534756134.55,1792234297.39,2191749013.58,2962047564.42,3045751527.66,3412797450.20,2252847464.69,2192684134.59,2836724351.56,3859592813.10,4683246454.10,5026743282.04,5430713728.89,5913620292.91,2948594552.45,2687807003.74,2906000096.93,4364670160.00,5062881600.00,5728399720.00,6152149100.00,6613743070.00,7621501710.00,7873000000.00,8656000000.00,8628000000.00,9483000000.00,10203000000.00,10958000000.00,11967000000.00,
Serbia,SRB,GDP (current US$),NY.GDP.MKTP.CD,,,,,,,,,,,,,,,,,,,,,,,,,,,,,,,,,,,,17921892655.37,23277430167.60,27153408994.81,21004077441.48,20878694850.58,7326373882.11,13599378662.00,17930583571.31,23593044417.51,26845632341.81,28334256180.88,33298057361.74,44888028946.09,54220641201.65,46955984409.73,43536629233.14,51251098408.09,45103269969.41,50455529604.07,49114321280.35,41297410634.96,42225495909.56,45972834713.81,52787520248.92,53864693664.56,55874017669.00,66159884072.53,66809895701.22,81343999280.02,90097765959.11,
Sub-Saharan Africa (excluding high income),SSA,GDP (current US$),NY.GDP.MKTP.CD,34318581554.58,35775152382.19,38743773907.08,44252709650.74,43834461490.69,48308630395.09,52377020048.48,52285172402.58,55967306233.51,63402019319.48,70861621389.98,72751099713.71,82091677366.15,105089589307.76,133952983378.26,147548370828.58,159630685143.87,175173038310.07,196493025593.93,232170668171.04,292958117852.21,397377260074.55,368485556389.44,329001992004.17,293476584886.74,278370318090.92,259860678475.74,291516844626.97,307146992487.51,312233096692.86,366869004676.56,392433758461.80,354644522439.25,360284872802.79,370569432423.28,472705710256.86,528259992823.42,555912457054.07,558196701845.35,396097900741.09,419895964737.48,402042476808.84,440920665484.33,556578144172.59,691866842946.75,823668736698.49,972568420377.41,1124500296270.51,1272983700051.33,1208670461443.79,1438701031163.17,1617944194300.60,1672895604039.55,1776507851555.87,1845908277175.78,1624488271641.54,1461851860219.92,1594086359396.00,1713673886322.74,1952007800638.78,1802332899886.09,2030237669873.33,2167458359012.26,1979535952437.49,1827170966475.93,
South Sudan,SSD,GDP (current US$),NY.GDP.MKTP.CD,,,,,,,,,,,,,,,,,,,,,,,,,,,,,,,,,,,,,,,,,,,,,,,,,14586253383.06,12231264525.07,14602072410.95,14907308932.75,11931472169.49,18426469016.95,13962212847.46,11997800760.22,,,,,,,,,,
Sub-Saharan Africa,SSF,GDP (current US$),NY.GDP.MKTP.CD,35992821734.53,37521652879.66,40553510689.97,46127211026.22,45891005945.73,50543636348.14,54780137858.94,54842900794.15,58686298467.84,66258274672.14,73998855803.62,76078810558.01,85727757471.55,109279758227.60,138641757472.57,152220676931.20,164674481161.53,180959309200.53,202653018739.21,238924186293.27,300099132923.76,404964037903.54,376485492802.87,337927843621.06,301936206027.12,288309829782.49,270239968939.10,302632023546.23,318689570071.27,324390129475.55,379792150457.81,406697201565.70,365899311503.05,369858486527.51,378181617912.50,481078758906.21,537529901697.44,565282701495.44,566816017701.65,404651773356.16,428788505804.80,410936270042.78,449500894158.77,565919936760.32,702843204651.66,836993712579.38,988873289522.06,1145239979455.74,1301030210080.85,1241958752180.26,1469616438039.84,1650955876097.19,1717295733292.83,1825489288568.26,1902908083279.38,1688024093175.49,1531896244777.67,1672127811803.69,1798796101321.48,2045711007848.14,1902392262699.06,2140795804040.00,2292617010267.00,2117597425394.65,1979078503991.37,
Small states,SST,GDP (current US$),NY.GDP.MKTP.CD,,,,,,,,,,,4890889496.96,5468619820.37,6351288900.72,7975691955.18,12697499906.29,13756779384.69,15045613015.01,18115910570.48,20865461498.79,26701110584.49,37297800330.14,37080220827.75,37651257006.24,35757123310.34,36203727886.25,35762826951.87,33618097085.18,38725831003.48,41025318187.74,41503137701.75,47935378887.41,50019032461.12,53255036349.11,51480858164.92,55018329444.25,63080936166.09,65815856152.02,69056214799.11,70249508111.48,74261596905.13,76518051457.60,77518242612.05,83414441022.09,99643830272.99,115416643927.91,129916963352.68,145908217635.49,171435251383.78,189079229226.14,161751590927.92,172475687383.49,193342538945.38,194403769997.09,201575895178.59,208778333966.54,193084726298.62,195788612860.02,213265208434.29,230122099257.83,231340439109.05,208801767982.78,244179271151.62,270716089069.62,287374900231.33,310642066645.91,
Sao Tome and Principe,STP,GDP (current US$),NY.GDP.MKTP.CD,,,,,,,,,,,37211826.09,37288845.21,41430256.81,56011244.74,57817591.46,60101709.85,52039421.20,49207692.32,55044562.80,65755928.14,81662231.03,83499263.50,80307762.62,75110289.18,78213795.93,82733069.44,115928906.75,115952925.47,99000764.39,98545367.04,119297932.76,107484142.72,94861780.62,125742228.76,131338414.58,103695236.78,135188165.75,91920274.24,72285403.84,77302211.92,76198394.82,75951133.38,85171073.88,102085769.12,114582283.92,136450662.39,142775104.08,149146918.89,188021165.00,200668065.03,190021192.49,226455001.24,225815131.93,267041747.58,293119143.25,259999643.05,292267272.20,322002845.23,383717327.83,412976082.62,471229484.61,524402455.55,540809499.19,690456806.70,822154621.09,
Suriname,SUR,GDP (current US$),NY.GDP.MKTP.CD,99650000.00,107700000.00,116150000.00,125950000.00,134400000.00,154150000.00,190350000.00,220700000.00,241350000.00,259650000.00,274900000.00,301000000.00,311950000.00,339450000.00,409850000.00,465500000.00,505500000.00,641500000.00,735500000.00,782500000.00,795000000.00,889000000.00,915000000.00,883500000.00,864000000.00,873000000.00,891000000.00,980000000.00,1161000000.00,542600000.00,388400000.00,448100000.00,404600000.00,428764705.88,605492537.31,691590497.74,861372806.21,926422500.00,1110850000.00,886290697.67,947671969.70,834279357.80,1093574468.09,1274190311.42,1484092538.41,1793410397.39,2626380435.18,2936612021.86,3532969034.61,3875409836.07,4368370997.92,4422276621.79,4980000000.00,5145757575.76,5240606060.61,5126237646.22,3317421648.10,3591679431.00,3996198866.57,4016040575.09,2911807496.20,3107923197.97,3791603200.03,3472693412.08,4416775112.10,
Slovak Republic,SVK,GDP (current US$),NY.GDP.MKTP.CD,,,,,,,,,,,,,,,,,,,,,,,,,,,,,,,12915046978.16,14459924588.95,15699327209.21,16737973764.35,20428139755.61,26180022222.22,28197790874.52,27844628979.27,29976207629.49,30496272225.13,29215726004.78,30726659550.97,35243658398.75,46616149116.74,57215475076.30,62547753148.46,70751813442.99,86587749517.97,100830060552.90,89342984697.52,91112160800.77,99705104723.43,94724394278.05,99134277850.34,101713075598.86,89178548717.33,90347173228.64,95978130734.98,106611673364.84,105843498304.09,107732602896.44,120511265913.34,115792972358.21,133578518423.54,140934076532.38,
Slovenia,SVN,GDP (current US$),NY.GDP.MKTP.CD,,,,,,,,,,,,,,,,,,,,,,,,,,,,,,,19832029087.13,14454495058.91,14277261540.75,14449298371.79,16400767069.63,21367422159.32,21470699362.61,20726878751.50,22058635314.48,22609669083.72,20159190701.68,20668868706.81,23214593516.21,29360575031.82,34156553313.40,35947936823.78,39260368837.03,47880266542.58,55509332322.36,49975540954.85,47793117240.90,51199194599.31,46167053954.34,47867056858.89,49514466379.61,42709468274.81,44290685824.07,48153200134.66,53689067639.92,53909922735.55,53384760135.16,61540813361.86,59899117741.00,69255264238.39,72972015197.39,
Sweden,SWE,GDP (current US$),NY.GDP.MKTP.CD,15930075466.89,17329620584.61,18794066990.06,20342131881.51,22685490195.31,24963947414.70,27154716721.29,29474881505.99,31277871668.85,33967301561.06,38037226668.21,41506151114.93,48883173399.97,59318842992.24,65917634590.26,82765232647.75,89232517045.85,94331782622.28,104290933495.63,123207527699.38,141886067003.97,129498921475.69,114214731798.94,104862109663.37,109043045407.29,113958084357.09,150279869728.79,182744315973.76,206686590775.56,217632340194.51,261466577008.85,273831464572.14,283908914454.48,212644602615.82,228699066874.03,267050453506.79,291949597375.49,268249616890.86,270887306758.58,274318357862.12,262903560280.28,242497797484.78,267371907446.78,334072443515.58,384545442175.02,391688455928.60,422528394459.35,490047789548.44,514614100832.94,434311714442.50,492750897239.45,570538581144.45,549739674655.13,584125353119.18,577727767303.60,501602351911.60,513058312950.94,535172356784.77,549649344043.18,530894124494.42,544265668451.68,631693331300.78,575071237640.92,578990915246.07,603715224265.80,
Eswatini,SWZ,GDP (current US$),NY.GDP.MKTP.CD,35076845.97,43026042.79,45927961.63,54129438.35,64980554.01,70279971.89,76859969.26,74759970.10,79799968.08,105419957.83,112139955.14,136462080.74,146736479.24,221915127.55,264320940.96,288299788.51,272550068.14,304060076.02,340630085.16,412093133.76,541976852.58,570774824.83,537568059.41,555336145.77,494483408.88,360079419.39,449140318.39,584126092.26,692026454.74,696921542.38,1114694040.67,1156135717.95,1284759927.55,1357189551.68,1419294254.42,1698989463.99,1602741833.71,1716714070.12,1576908856.35,1547888495.98,1697161557.89,1502870485.88,1393945030.65,2149632433.28,2710331785.25,3097946371.06,3215307900.75,3391122887.17,3235921170.51,3525213502.43,4360714358.89,4722912047.32,4747813067.26,4463396204.02,4285065665.03,3908217914.22,3722306116.73,4462640651.49,4643751059.28,4617018958.69,4134677809.50,4807069277.20,4746660273.51,4621191261.84,4858885840.77,
Sint Maarten (Dutch part),SXM,GDP (current US$),NY.GDP.MKTP.CD,,,,,,,,,,,,,,,,,,,,,,,,,,,,,,,,,,,,,,,,,,,,,,,,,,854972067.04,892290502.79,936089385.47,985865921.79,1022905027.93,1361811508.38,1417888715.08,1427017206.70,1353212122.91,1259200446.93,1407880446.93,1236428100.56,1353071061.45,1592564639.33,1686525953.05,1797836665.95,
Seychelles,SYC,GDP (current US$),NY.GDP.MKTP.CD,12012024.62,11592023.76,12642025.92,13923028.54,15393031.56,15603031.99,16443033.71,16632032.13,16074027.65,16452028.30,18432031.70,21965950.77,30645122.92,36896280.48,43134496.16,47803145.95,49278981.76,64526401.46,85552365.80,127261099.22,156783829.50,163750728.16,157211789.71,156098237.02,160992920.96,179691482.72,221147061.29,265212956.84,301985618.09,324333366.51,392163560.87,398307169.86,461409398.86,504230620.55,517570058.15,540733047.73,535250347.09,598966982.35,647287375.76,662838614.88,654212394.27,662064155.92,742134837.51,750847230.10,893012218.18,977899381.82,1081441283.32,1077308813.83,979597394.29,850901620.43,981616542.33,1058918707.26,1089407839.20,1333160407.39,1387577870.08,1432403352.13,1568513348.14,1675370641.01,1784313926.77,1868690096.73,1382551751.57,1487173794.81,2018346588.74,2187379754.66,2167239562.46,
Syrian Arab Republic,SYR,GDP (current US$),NY.GDP.MKTP.CD,857704413.41,945244972.07,1110565880.76,1200447408.38,1339494267.02,1472036540.13,1342287553.19,1580229799.43,1753746429.62,2245011514.56,2140384010.07,2589851325.15,3059681697.61,3239487516.43,5159557147.51,6826980444.15,7633528866.93,7696011396.01,9275200458.19,9929681528.66,13062420382.17,15518201335.32,16298929011.47,17589277143.13,17503078174.00,16403539892.78,13293205278.28,11356215543.30,10577041644.99,9853395761.63,12308624417.83,12981833333.33,13253565861.14,13695962055.48,10122020000.00,11396706586.83,13789560878.24,14505233463.04,15200846153.85,15873875968.99,18937052543.44,20237024724.70,20669357462.38,21828144686.04,25086950495.05,28858965517.24,33751788856.31,40465318382.06,52557913568.95,54111735628.71,61390830874.70,67539428159.45,43190318032.56,21361254635.05,21502061465.95,16466863117.00,12597854877.43,16369843352.35,21497782867.64,22583045060.08,12047752036.09,14353205678.50,23622827079.50,,,
Turks and Caicos Islands,TCA,GDP (current US$),NY.GDP.MKTP.CD,,,,,,,,,,,,,,,,,,,,,,,,,,,,,,,,,,,,,,,,,,358744800.00,366707900.00,409753600.00,485598800.00,578645800.00,721891500.00,773490000.00,862684000.00,703176000.00,686788000.00,842941000.00,832848000.00,863328000.00,956605000.00,1078274000.00,1202078000.00,1197958000.00,1314329000.00,1371838000.00,918387000.00,1236459000.00,1434119000.00,1638653000.00,1745378000.00,
Chad,TCD,GDP (current US$),NY.GDP.MKTP.CD,313582728.15,333975336.11,357635713.42,371767002.19,392247517.73,416926303.32,432794921.68,449826322.61,453980096.21,471635621.56,469266736.65,501866730.15,585427546.80,647199482.98,652532795.08,864602104.68,866044962.02,935360464.70,1113920123.77,1004316496.35,1033002403.85,876937558.27,834369859.66,832415806.01,919103734.88,1033069709.33,1067828245.86,1163426852.20,1482597297.99,1433686312.03,1738605557.76,1877137981.76,1881847669.70,1463251163.92,1179837963.22,1445919894.58,1607345355.78,1544689576.93,1744794531.21,1534673583.25,1388506771.59,1710843377.00,1997005708.82,2742815071.57,4422855660.83,8655892392.93,9709626596.13,10865385131.52,13385593990.34,12317614053.68,14058506663.73,16685349674.00,17892228569.89,17865316886.33,18144336903.72,14559599499.50,13026289835.78,13349041408.72,15327000248.87,14905517742.85,14932897821.24,16871937697.59,17828508289.60,18340233748.88,19518819751.28,
East Asia & Pacific (IDA & IBRD countries),TEA,GDP (current US$),NY.GDP.MKTP.CD,80803222392.89,71174424446.89,64922599309.25,70216443534.96,81101169480.97,94498004640.10,103377065683.29,100371950314.41,101476791156.08,114101000754.86,127052297158.08,136440829735.23,155359237838.58,195413149940.39,221440713584.62,248519521080.33,252686739157.61,291229976122.31,282630837737.01,327249769951.17,377549806578.64,403129803803.17,423407966724.84,443371246698.14,480403927228.95,526032437680.96,524621676243.05,518488360539.10,575525093193.55,622193930069.76,666725912038.33,723904575173.20,812130263840.67,891466245843.00,1073279171690.89,1324237119507.35,1521371528098.09,1574968030449.80,1439654527490.28,1585945646801.91,1746600304168.03,1860776095129.08,2061454246187.87,2335145056810.17,2709157341014.45,3136374977327.23,3778751294371.62,4781270693838.80,6054648571433.55,6573327283810.49,7998796323270.31,9762256276676.59,10891968350841.70,12032711129058.20,12988712786591.70,13532272043462.50,13827151057380.20,15097056837158.20,16881316789674.40,17481715455963.40,17783207218899.10,21205187136185.70,21537214774462.60,21617676926854.50,22233362919728.40,
Europe & Central Asia (IDA & IBRD countries),TEC,GDP (current US$),NY.GDP.MKTP.CD,,,,,,,,,,,,,,,,,,,,,,,,,,,,,991141939410.74,964170299100.99,1023345711170.50,1001720940076.18,928555990308.00,919179489611.00,828927139977.53,991380447495.65,1021239770710.95,1056341129246.72,949935181537.21,824131383383.31,896291493004.49,911679939950.97,1024829473187.33,1261017408610.72,1631372379671.26,2042987028459.11,2471273605657.68,3179127986623.93,3936159309738.01,3121801768478.67,3667835476746.74,4461210535265.99,4656388146308.07,4924806846375.52,4653015277488.18,3633660246044.52,3492088089759.50,3927649813354.44,4098990245510.03,4184533628660.37,3924139091384.84,4637763943320.14,5264484546456.79,5562782514647.52,6131674441421.64,
Togo,TGO,GDP (current US$),NY.GDP.MKTP.CD,171057069.14,178497098.26,186745757.86,202305865.24,234572186.46,264505506.02,305227594.82,327215843.64,341691567.47,378091809.60,358665753.91,404648367.77,474043921.84,574030983.98,791450308.36,871781686.91,874681611.93,1097893825.99,1164025637.26,1259365711.54,1604836915.97,1359026709.45,1160337039.38,1081387264.61,1014170069.22,1076604520.42,1498219578.87,1763978065.84,1947208354.23,1910635575.38,2299665505.61,2262767860.11,2390796915.92,1741944426.21,1387662121.47,1849110468.20,2069506014.47,2116818622.96,2241650112.33,2226577203.91,2106848752.28,2093498674.50,2410199032.43,2987984050.99,3191561508.69,3221910408.47,3320907721.75,3759962853.26,4578847112.71,4721888275.27,4746386893.23,5422439152.11,5413541649.15,6021729629.82,6393314707.85,5755457836.02,6071167584.20,6387424239.88,7029215766.46,6992654019.29,7486031561.87,8541668141.26,8646453099.41,9816236302.59,10651180146.53,
Thailand,THA,GDP (current US$),NY.GDP.MKTP.CD,2760750860.62,3034037810.97,3308912796.93,3540403456.55,3889129942.31,4388937649.04,5279230817.31,5638461442.31,6081009427.88,6695336567.31,7086538437.50,7375000024.04,8177873151.04,10838587357.75,13702998512.45,14882770593.98,16985208648.21,19779312261.32,24006566636.69,27371650824.51,32353514988.73,34846039193.61,36589772403.76,40042798388.50,41797647775.62,38900711332.54,43096773980.86,50535446554.88,61667253471.37,72250748099.98,85343190719.01,98234714971.06,111452746517.66,128889262951.16,146683778959.10,169278916592.84,183035237429.28,150180456565.73,113675596787.74,126669211778.94,126392224253.79,120296476180.40,134300904400.02,152280615245.89,172895685154.66,189318408468.60,221758296021.62,262942621455.05,291382982430.95,281710630187.32,341104766329.17,370818739623.62,397558325278.58,420333654592.55,407339040197.65,401296238228.08,413366349747.51,456356813536.76,506754208404.49,543976691793.89,500461898480.25,506194668789.94,495644697587.66,515906283940.93,526517658841.68,
Tajikistan,TJK,GDP (current US$),NY.GDP.MKTP.CD,,,,,,,,,,,,,,,,,,,,,,,,,,,,,,,2629395066.27,2536585365.85,1908554572.27,1646623195.16,1522001205.55,1231561860.40,1043654822.34,921518032.91,1320199581.52,1086612290.27,860541842.26,1080772551.29,1221106220.29,1555318261.42,2076176869.41,2312352020.67,2830213848.62,3719524540.86,5161299725.28,4979472364.45,5642221099.18,6522756255.01,7633036903.08,8448411318.25,9112605459.33,8271431485.07,6992416096.89,7536402852.86,7764999999.45,8300813599.31,8133963550.66,8937805347.14,10713525200.40,12244169292.80,14204575548.55,
Turkmenistan,TKM,GDP (current US$),NY.GDP.MKTP.CD,,,,,,,,,,,,,,,,,,,,,,,,,,,,2331358819.76,3010982414.24,3006988216.55,3189539641.32,3208098919.01,3200539816.06,3179225948.58,2561118608.36,2482228439.71,2378759975.45,2450350625.10,2605689134.49,2450564100.18,2904663310.98,3534772732.40,4462029108.72,5977440582.80,6838351088.47,8103901996.37,10276674364.90,12664165103.19,19271523178.81,20214385964.91,22583157894.74,29233333333.33,35164210526.32,39197543859.65,43524210526.32,35799714285.71,36169428571.43,37926285714.29,40765428571.43,40810067974.51,41509903181.72,40589905812.04,42208726137.72,45894538665.55,51387209872.30,
Latin America & the Caribbean (IDA & IBRD countries),TLA,GDP (current US$),NY.GDP.MKTP.CD,74399051115.62,82362832266.37,86399815744.66,93844819440.95,104302526502.26,111946641395.15,123240741042.80,125362127677.75,134361744441.37,149979264961.85,163499670766.65,181794578090.04,204232100660.44,274036287245.75,358182606143.70,374350708856.51,411065254886.09,452376511736.92,541374940142.38,607502561689.17,743795740311.93,852847482696.13,779872014723.55,681554554313.97,715171116848.31,706307698037.01,712610987834.59,765000529871.10,839372117493.83,931218807729.83,1039366593866.68,1123571075717.19,1232562973418.31,1466872751420.96,1715187232056.94,1855934359539.88,2016321456675.89,2212067216181.87,2233347031889.78,2002746501486.27,2214459287709.08,2161359862863.86,1927322085240.20,1960517216397.37,2264876234901.17,2752003821062.20,3234927606207.58,3826959867893.09,4465814702669.79,4176789508119.56,5212616653053.23,5942223639206.50,5999254994806.92,6044625148403.94,6005259453417.89,5068610305411.75,4922090097003.80,5482764267203.12,5347056434773.57,5230554354083.41,4387909128654.57,5118940165028.38,5851879329574.93,6591336702938.76,6776899040059.78,
Timor-Leste,TLS,GDP (current US$),NY.GDP.MKTP.CD,,,,,,,,,,,,,,,,,,,,,,,,,,,,,,,128210142.00,147713000.00,187891500.00,216914400.00,239040500.00,262819900.00,306956900.00,319972700.00,325729800.00,225357600.00,366924276.52,477359252.61,469455490.78,490439116.18,440771962.23,462267954.03,453792414.60,542795446.51,648523571.34,726937835.85,881909347.10,1042534597.53,1160555039.58,1395727420.71,1447535182.86,1590282371.46,1640464612.08,1584878439.94,1555988614.44,2032550389.41,2162619240.87,3625024341.27,3208599889.01,2079767170.23,1865608515.41,
"Middle East, North Africa, Afghanistan & Pakistan (IDA & IBRD)",TMN,GDP (current US$),NY.GDP.MKTP.CD,21778972838.68,22717751213.05,23127900672.49,25478894502.42,28460826047.02,31555336449.12,33702284400.04,37016912903.37,41567819038.18,46228188357.88,51929379859.35,58738170012.52,66728372393.02,82296472036.81,126534190145.74,145360706814.43,179327380809.81,207141478320.29,222362511119.30,276440930291.79,335679627786.22,327781527993.72,366322118691.63,400996279046.08,418884127840.34,450074290280.30,483834373088.31,423609526506.31,410799887019.64,412556844308.04,557461708799.14,377590606309.42,387386092541.32,341578917933.43,359089803644.48,400070200863.34,443484188935.48,462008531395.00,471749357905.26,510969926774.03,573241814244.50,576409813039.63,561355905200.04,620751536900.61,735137864066.95,851999290344.53,991120945693.86,1204180777297.73,1458839080564.83,1410582747670.53,1616377453369.58,1894874707193.34,2040682875800.41,1916908014701.75,1905795277902.52,1766686955969.30,1833719341125.58,1862132539942.56,1861598748076.98,1817220775856.43,1652429826440.19,1921603222007.44,2141649636190.98,2076820247144.99,2189893127426.38,
Tonga,TON,GDP (current US$),NY.GDP.MKTP.CD,,,,,,,,,,,,,,,,32506741.72,30036416.96,34139387.89,41567471.67,44667002.01,53260077.43,62242013.33,62068161.07,60863963.96,64248354.54,60058663.31,68195855.61,81667133.45,106657267.37,106344854.99,113563821.58,132201141.45,137066290.55,138489884.39,195990986.21,208871665.75,222100576.35,214991452.31,191504892.76,199208717.50,204848487.81,181117230.41,182764280.83,202246591.22,230678011.42,261823805.43,292232703.31,298519623.34,344438844.33,312415028.45,366887374.99,414143828.49,471122971.31,451788498.26,440997738.01,437525514.24,420828262.32,459976850.27,493530783.00,506031238.98,506571467.90,519306352.79,556514555.40,591139749.44,,
South Asia (IDA & IBRD),TSA,GDP (current US$),NY.GDP.MKTP.CD,43270012739.16,46076379864.37,49304727903.06,55539363101.62,63741466508.75,67970199332.83,54738691616.69,60155334542.35,63211416560.97,69748993757.95,74658791269.59,79443177465.62,81426298286.76,97561887957.81,116963620422.23,123400629130.85,117988534885.07,136743438548.56,155039888662.56,173920685619.92,210608299657.66,220616445555.58,226594563448.70,243700817417.40,239973094448.25,263678832418.15,280349120351.57,313355004645.13,334074870363.85,335790574664.33,364740287587.94,314469355543.22,333546277429.54,327009281232.95,377442853701.43,416341940329.58,458508459742.39,484982931205.65,492856423475.41,531825749349.83,544940514563.36,562554379798.02,593707009776.72,694775911444.33,804159915389.76,924419567611.27,1051884831127.45,1342148092012.26,1347380565219.40,1502961023415.75,1869826822189.78,2045738549420.96,2057958207279.98,2111097579998.97,2323062261530.80,2414503392484.38,2679313169377.96,3075955432871.73,3159841615195.07,3318484576527.33,3172770463749.49,3717045071833.11,3930640287773.46,4210302249458.65,4512296631866.31,
Sub-Saharan Africa (IDA & IBRD countries),TSS,GDP (current US$),NY.GDP.MKTP.CD,35992821734.53,37521652879.66,40553510689.97,46127211026.22,45891005945.73,50543636348.14,54780137858.94,54842900794.15,58686298467.84,66258274672.14,73998855803.62,76078810558.01,85727757471.55,109279758227.60,138641757472.57,152220676931.20,164674481161.53,180959309200.53,202653018739.21,238924186293.27,300099132923.76,404964037903.54,376485492802.87,337927843621.06,301936206027.12,288309829782.49,270239968939.10,302632023546.23,318689570071.27,324390129475.55,379792150457.81,406697201565.70,365899311503.05,369858486527.51,378181617912.50,481078758906.21,537529901697.44,565282701495.44,566816017701.65,404651773356.16,428788505804.80,410936270042.78,449500894158.77,565919936760.32,702843204651.66,836993712579.38,988873289522.06,1145239979455.74,1301030210080.85,1241958752180.26,1469616438039.84,1650955876097.19,1717295733292.83,1825489288568.26,1902908083279.38,1688024093175.49,1531896244777.67,1672127811803.69,1798796101321.48,2045711007848.14,1902392262699.06,2140795804040.00,2292617010267.00,2117597425394.64,1979078503991.37,
Trinidad and Tobago,TTO,GDP (current US$),NY.GDP.MKTP.CD,535673252.48,584964620.92,619322810.03,678239329.40,711897520.26,736573158.57,723739857.32,761981912.42,758899950.00,779200000.00,821850000.00,896765214.63,1083391757.89,1308785430.54,2042001070.51,2442669824.56,2500424955.23,3138666666.67,3562333458.33,4602416625.00,6235833333.33,6992083333.33,8140416666.67,7763750000.00,7757083333.33,7375918367.35,4794444444.44,4797777777.78,4496910569.11,4323058823.53,5068000000.00,5307905882.35,5439552941.18,4669491134.25,4947181645.55,5329217747.21,5759570336.11,5737771523.10,6043686653.62,6808982520.76,8154342116.10,8824849191.04,9008298228.60,11305459802.07,13280291989.58,15982389018.40,18369361094.39,21641620049.94,27871587349.54,19172165225.50,22157920592.37,25433007437.16,27147349937.47,28560537057.15,29474180005.13,26841141793.21,23624322192.63,23830750900.69,23883058083.22,23477745791.70,20888515184.22,24222963262.72,28341164301.13,25036993423.37,25633544529.48,
Tunisia,TUN,GDP (current US$),NY.GDP.MKTP.CD,,866155428.57,880027733.33,1026737600.00,1025866792.16,991047619.05,1040952380.95,1085714285.71,1214666666.67,1289904761.90,1439238095.24,1685162272.41,2237556148.51,2730813385.33,3545868575.15,4328965587.53,4508191942.16,5109324009.32,5968460080.11,7188863903.64,8744134354.16,8428445294.08,8133580051.70,8350582747.84,8254541194.83,8410226052.61,9017806654.42,9696715910.71,10096245762.44,10101851744.56,12290568181.82,13074782608.70,15496708060.42,14608335608.15,15633174304.09,18030876599.34,19587161806.77,20746210353.85,21802893587.13,22943202174.97,21473528160.78,22065832448.86,23141616604.52,27453902261.46,31183885241.44,32272186694.80,34376664600.59,38915353866.76,44859439902.22,43455740497.31,46206091937.96,48123325825.07,47311401812.67,48685446413.95,50271812920.61,45779494041.93,44360072680.45,42163530590.95,42686504459.80,41905642418.83,42491780918.36,47073234359.18,44929920092.80,48205328303.34,51332285656.54,
Turkiye,TUR,GDP (current US$),NY.GDP.MKTP.CD,7566666666.67,7988888888.89,8922222222.22,10355555555.56,11177777777.78,11966666666.67,14100000000.00,15644444444.44,17500000000.00,19466666666.67,17863636363.64,16166666666.67,20650000000.00,26000000000.00,35414285714.29,46042857142.86,51450000000.00,58683333333.33,65912500000.00,89616129032.26,68823684210.53,71180180180.18,64369325153.37,61803555555.56,59937602179.84,67232758620.69,75673037037.04,87190081680.28,90875175808.72,107127191328.94,150655500191.64,151034731543.62,159104772991.85,180415757851.62,130650447499.07,234699627004.04,250366965174.13,263817553748.40,276035372654.61,256673939247.77,274748463178.50,202195080239.04,240778008473.85,315392899922.38,410156784495.95,508314210212.54,559668118237.00,685228481017.03,775415944332.87,653894449921.29,782545664268.33,844192507380.80,885327622479.05,962167643588.93,942343431928.65,865460050683.66,870818016909.84,863874522365.28,788356985773.67,775853144222.61,733628247119.08,839938668172.13,926097476913.82,1141242864657.45,1359123768774.12,
Tuvalu,TUV,GDP (current US$),NY.GDP.MKTP.CD,,,,,,,,,,,2585955.87,2716989.58,2968457.94,3411915.44,4122328.67,4014748.05,3919072.23,3669419.59,3798781.86,4065659.43,4206128.13,4773017.53,4118945.16,4152550.30,4481977.90,3862851.88,4574706.21,5020513.50,7011059.37,8454523.25,9542900.90,10127313.91,10535028.14,10414399.96,11772610.66,11922614.20,13338597.33,13734210.10,13795146.21,14800503.26,15073975.53,13964732.33,16842672.60,19456338.03,22798274.98,22909979.82,24096875.46,28450168.69,31874434.86,28076983.97,32105408.48,39196957.49,39345579.47,38615890.63,38760982.65,36811936.08,41629064.22,45276595.35,48015259.88,54123198.57,51746594.31,60196405.71,59065982.09,62280311.59,,
Tanzania,TZA,GDP (current US$),NY.GDP.MKTP.CD,2651729807.39,2826179031.23,3101589992.66,3456579293.45,3748840925.06,3817226546.23,4377998825.12,4565132047.53,4895251824.06,5142066811.47,2851419386.07,3050673517.33,3472787266.10,4144104535.50,4977337978.36,5729917839.54,6472511987.85,7732598995.10,9261675709.83,9804637490.82,11409228086.75,13161540377.58,13927383239.83,14049883809.01,12906635133.16,15328295175.41,10840864521.23,7824193222.12,7406614407.46,6418799006.80,6184384225.03,7197768158.58,6681997469.31,6182872707.83,6550480483.94,7631431840.50,9433528150.37,11158197941.92,12172790056.37,12704334195.82,13371767081.74,13563990022.36,14129651895.69,15211487708.77,16673062473.40,18395383647.50,18619859795.29,21860434823.48,27947821397.93,29400573553.61,32012892919.37,34657140096.48,39650394362.93,45648857242.32,49986726460.68,47413919817.12,49774409374.45,53274884532.79,57003712892.09,61026731925.92,66068737786.06,70655628147.90,75749121842.91,79030935627.08,78844405385.22,
Uganda,UGA,GDP (current US$),NY.GDP.MKTP.CD,423145605.04,441667334.61,449158233.39,516315231.45,589247687.30,884502309.95,925381492.37,967240655.19,1037379252.41,1168556628.87,1259554808.90,1417191656.17,1490970180.60,1701829789.02,2098944967.21,2359555555.56,2447300000.00,2936470588.24,2420260869.57,2139025000.00,1244610000.00,1337300000.00,2177500000.00,2240333333.33,3615647477.05,3519695443.53,3923244049.96,6269522042.12,6508931651.67,5276480799.34,4304399310.31,3321729159.62,2857457761.91,3220439044.19,3990430446.71,5755818842.49,6044585326.94,6269333313.17,6584815846.53,5998563257.95,6193246837.10,5840503868.52,6178563591.12,6606884275.23,7939487547.77,9239221763.06,9977647682.97,11902564494.88,14440404132.20,25127805566.66,26673441430.79,27871725241.47,27305915910.79,28915786516.61,32612397257.45,32387183730.10,29203988696.26,30744473841.42,32927025619.68,35353061003.44,37600368241.67,40529788748.67,45565333210.91,48768955863.32,53911907086.15,
Ukraine,UKR,GDP (current US$),NY.GDP.MKTP.CD,,,,,,,,,,,,,,,,,,,,,,,,,,,,64087694038.23,74703517902.66,82709161099.12,81393558423.44,77350733982.45,73945908383.70,65648559903.06,52549580264.81,48213856468.57,44558831005.06,50151531591.73,41882523345.18,31580639553.83,32375083934.82,39309580983.23,43956163612.04,52010355753.05,67220154164.32,89238865118.53,111884752475.25,148733861386.14,188110390659.52,121552153444.12,141209170427.23,169333835201.55,182591753827.95,190498811460.03,133503871861.72,91030967789.07,93355869403.92,112090505081.74,130891088293.55,153883047509.58,156617722013.34,199765859570.94,161989520721.19,181221517868.74,190741262414.71,
Upper middle income,UMC,GDP (current US$),NY.GDP.MKTP.CD,168301179364.72,165921579245.59,167379651487.49,183977453340.65,210883041645.77,235905563168.85,260316790801.06,263557167698.54,278937183061.18,313018349850.23,343935285669.63,374392771386.03,429646254432.82,566427139124.19,728956068550.65,806608582683.11,873861925668.03,979427152117.78,1079266938526.53,1256625970718.53,1471975200346.02,1591269951981.75,1562915435872.05,1528731873355.89,1615400948383.79,1666632880435.57,1710853569900.45,1727133135624.12,1866029448988.16,2065897165340.60,2410286900177.05,2335833216231.81,2496848264610.53,2752581405019.50,3100243695676.27,3590452706934.99,3969358593677.36,4227484958565.25,4101561215023.74,3994091236934.55,4367611839180.12,4372459590357.57,4407934527692.62,4915357805340.90,5800084346153.38,6895044898247.15,8134238729409.14,10005758018034.10,12105099178344.40,12026144793149.30,14696874253221.10,17574300130715.10,18765402050802.80,19960355834404.70,20735117855997.00,19986614322858.20,20085178332818.90,22024556422932.40,23578896359333.10,23981611801327.30,23243062185366.10,27732726329893.60,28940725480186.10,29939274216922.30,30986054597959.20,
Uruguay,URY,GDP (current US$),NY.GDP.MKTP.CD,1242289239.20,1547388781.43,1710004407.23,1539681490.78,1975701816.47,1890767155.53,1809185093.55,1597713469.10,1593674184.56,2004435483.87,2137096774.19,2807258064.52,2189418688.80,3964296443.35,4090209681.97,3538278046.96,3667161241.48,4114670014.35,4910254565.58,7181182224.11,10163020115.73,11048301420.63,9178780077.00,5102276308.45,4850238549.62,4732017873.38,5880112788.41,7367494080.40,8213538368.85,8438951476.07,9298807850.30,11206176650.91,12878148790.73,15002136971.17,17474588895.89,19297663096.55,20515458113.59,23969739233.90,25385886977.52,23983945190.62,22823270892.11,20898761742.24,13606515722.59,12045638351.85,13686329890.12,17362857683.85,19741420739.89,23797773024.40,31119602538.83,32708319077.52,41950361211.96,50342406067.08,54232266358.78,61337621933.79,61496186973.90,57680327998.67,57480787465.27,65005997963.48,65344577415.75,62222313618.85,53559359261.83,60739084240.86,70594110920.04,77991666837.74,80961511073.58,
United States,USA,GDP (current US$),NY.GDP.MKTP.CD,541988586206.90,561940310344.83,603639413793.10,637058551724.14,684144620689.66,741904862068.97,813032758620.69,859620034482.76,940225000000.00,1017438172413.79,1073303000000.00,1164850000000.00,1279110000000.00,1425376000000.00,1545243000000.00,1684904000000.00,1873412000000.00,2081826000000.00,2351599000000.00,2627333000000.00,2857307000000.00,3207041000000.00,3343789000000.00,3634038000000.00,4037613000000.00,4338979000000.00,4579631000000.00,4855215000000.00,5236438000000.00,5641580000000.00,5963144000000.00,6158129000000.00,6520327000000.00,6858559000000.00,7287236000000.00,7639749000000.00,8073122000000.00,8577554457000.00,9062818202000.00,9631174489000.00,10250947997000.00,10581929774000.00,10929112955000.00,11456442041000.00,12217193198000.00,13039199193000.00,13815586948000.00,14474226905000.00,14769857911000.00,14478064934000.00,15048964444000.00,15599728123000.00,16253972230000.00,16843190993000.00,17550680174000.00,18206020741000.00,18695110842000.00,19477336549000.00,20533057312000.00,21380976119000.00,21060473613000.00,23315080560000.00,25604848907611.00,27292170793214.40,28750956130731.20,
Uzbekistan,UZB,GDP (current US$),NY.GDP.MKTP.CD,,,,,,,,,,,,,,,,,,,,,,,,,,,,8523160592.61,10722799639.31,11948815258.11,13362340337.87,13800167711.50,12953801760.24,13099920055.96,12899074922.38,13350461265.00,13948892215.57,14744603773.58,14988971210.84,17078465982.03,13760513969.31,11401421329.20,9687788512.80,10134453435.46,12030023547.88,14307509838.81,17330833852.92,22311393927.88,29549438883.83,33689223673.26,49765676402.45,60178909297.21,67517349212.06,73180037914.91,80845385809.45,86196264755.31,86138288644.17,69703222282.73,58695899092.11,67293639798.40,66443265418.31,77340060003.03,90095926567.44,102641879248.76,114965293466.61,
St. Vincent and the Grenadines,VCT,GDP (current US$),NY.GDP.MKTP.CD,13066634.00,13999965.00,14524963.69,13708299.06,14758296.44,15108295.56,16099959.75,15835106.03,15350000.00,16650000.00,18450000.00,20051922.33,27585804.87,30165081.09,32923702.73,33237225.99,32792844.68,49353161.85,60844771.48,71096359.63,82340339.63,102086539.26,113759203.33,122255349.63,135024987.78,145641705.19,160846656.67,175580647.41,200726712.59,214745002.22,240366666.67,254829629.63,277955555.56,286307407.41,289437037.04,316007407.41,331488888.89,347770370.37,373618518.52,390718518.52,427946037.04,462072333.33,487763851.85,509090888.89,549900185.19,579948925.93,643501148.15,713596666.67,732663259.26,714300259.26,720447888.89,713796370.37,730032592.59,764781259.26,770900000.00,786555555.56,814303703.70,844040740.74,884329629.63,910481481.48,864566666.67,888677777.78,989188888.89,1072237037.04,1157207407.41,
"Venezuela, RB",VEN,GDP (current US$),NY.GDP.MKTP.CD,7663938303.07,8067267030.62,8814309884.21,9608717288.17,8192413793.10,8427777777.78,8781333333.33,9250000000.00,10034444444.44,10285111111.11,11561111111.11,12986590909.09,13977727272.73,17035581395.35,26100930232.56,27464651162.79,31419534883.72,36210697674.42,39316279069.77,48310930232.56,59116511627.91,66327441860.47,67736744186.05,67556279069.77,59867743467.93,61965466666.67,60516123711.34,48029034482.76,60226413793.10,43536709104.01,48606952194.78,53453444786.63,60416519620.08,60037460783.19,58418666666.67,77389487770.09,70543211119.10,85837678559.83,91336763255.06,97972842461.51,117146466002.66,122911036746.73,92893587733.65,83620628582.11,112451400424.96,145513489651.87,183477522123.89,230364012575.69,315953388510.68,329787628928.47,393192354510.65,316482190800.36,372592062768.06,258930655486.37,214689614732.72,125449241571.39,112915034262.31,115883275162.59,102021093964.68,73014084091.30,42838020721.20,56614976854.55,89013255584.75,102376526555.95,119802963257.78,
British Virgin Islands,VGB,GDP (current US$),NY.GDP.MKTP.CD,,,,,,,,,,,,,,,,,,,,,,,,,,,,,,,,,,,,,,,,,,,,,,,,,,,,,,,,,,,,,,,,,,
Virgin Islands (U.S.),VIR,GDP (current US$),NY.GDP.MKTP.CD,,,,,,,,,,,,,,,,,,,,,,,,,,,,,,,,,,,,,,,,,,,3262000000.00,3443000000.00,3797000000.00,4428000000.00,4484000000.00,4784000000.00,4244000000.00,4201000000.00,4324000000.00,4223000000.00,4089000000.00,3738000000.00,3565000000.00,3663000000.00,3798000000.00,3794000000.00,3923000000.00,4121000000.00,4229000000.00,4507000000.00,4672000000.00,,,
Viet Nam,VNM,GDP (current US$),NY.GDP.MKTP.CD,,,,,,,,,,,,,,,,,,,,,,,,,,14094687820.74,26336616250.44,36658108850.31,25423812648.59,6293304974.59,6471740805.57,9613369520.42,9866990236.44,13180953598.17,16286433533.32,20736164458.95,24657470574.75,26843700441.55,27209602050.05,28683659006.78,31172518403.32,32685198808.55,35064105500.83,39552513231.92,45427854693.26,57633255738.20,66371664817.04,77414425532.25,99130304099.13,106014659565.21,147201173196.98,172595049183.93,195590661129.25,213708811665.34,233451469642.52,239258328381.74,257096001177.98,281353605986.90,310106478394.66,334365270496.67,346615738537.80,366474752771.01,413445230668.58,433857681378.29,476388230307.18,
Vanuatu,VUT,GDP (current US$),NY.GDP.MKTP.CD,,,,,,,,,,,,,,,,,,,,119258835.34,121185497.57,113781795.82,114501912.52,117389554.19,144482515.37,131856420.70,126498935.34,139464173.55,158351368.43,154013202.12,168879207.24,201334169.05,209088824.61,200491853.17,233701301.49,249333250.08,261370044.49,272771209.11,262293410.71,268006972.69,272014627.84,257926881.72,262596535.55,314471413.00,364996869.13,394962433.03,439358586.54,516392922.51,590748429.40,592622319.15,670712979.68,770153588.22,747839697.75,758304466.25,773717010.55,759690180.95,804323576.86,880043284.40,914727908.14,936526267.62,909421043.51,950394006.53,1055031360.57,1115861055.72,1117972034.23,
World,WLD,GDP (current US$),NY.GDP.MKTP.CD,1366488391354.06,1443968549479.04,1544903390848.07,1670354539896.75,1831030283046.23,1995234672640.12,2162707523801.04,2294873084337.80,2479815244885.12,2739123953755.11,3004258440770.47,3319897075453.74,3834213544152.23,4688557691603.01,5419514194142.38,6035142144928.12,6560173647274.55,7416442857108.44,8779661745036.99,10155462903237.90,11452768541637.60,11843441094928.70,11719276657617.90,11962974794875.20,12427957579028.00,13016982447733.20,15348439146362.60,17472239624529.00,19524821807843.90,20395813960211.00,22922751084575.00,23920903881560.90,25546959069356.80,25974923485795.50,27961448359307.60,31245419629026.00,31968950237590.70,31870560107975.70,31733749169046.70,32782827769545.30,33898156427205.90,33690417699612.70,34991525564916.90,39243276986261.90,44225384449869.80,47900489808168.90,51923507284496.00,58525785801185.80,64311729364641.30,60982255960004.40,66811191491614.90,74309709353789.20,75960594595757.00,78034892841179.20,80054888775431.10,75621913961646.20,76831684012526.20,81839102917044.70,87050964956078.40,88483262418196.60,85912761035231.20,98140475264975.90,102251524725531.00,106741647821064.00,110982661180013.00,
Samoa,WSM,GDP (current US$),NY.GDP.MKTP.CD,,,,,,,,,,,45208337.61,53719568.97,62566116.38,82452985.37,93549610.93,93489282.55,85003077.70,98295671.03,108223444.25,122257392.88,125747037.96,118190654.68,121221651.62,111862823.57,109200934.33,95572172.98,100947848.64,111713922.14,133016065.42,122888609.72,125766269.76,125597205.42,132303041.36,133122897.20,221098106.51,224865731.38,249907868.77,285475591.90,269485244.16,255408060.26,258856139.80,266299591.48,281790134.21,333426188.42,407747565.10,476801793.16,499923757.78,573548459.83,641346191.66,628006115.42,680260907.15,744097050.17,773141661.17,797736334.28,796683519.59,824150498.65,843924796.70,884844384.46,878448433.40,912950466.06,868884902.95,859724936.06,889554711.84,1044909500.03,1175749785.65,
Kosovo,XKX,GDP (current US$),NY.GDP.MKTP.CD,,,,,,,,,,,,,,,,,,,,,,,,,,,,,,,,,,,,,,,,,,,,,,,,,5181776768.71,5015894692.97,5343950556.07,6341613609.98,6163484244.63,6735328609.66,7074394734.88,6295848422.72,6682677289.99,7180768692.02,7878762812.28,7899741278.75,7717143395.55,9413408574.49,9354907646.30,10468224574.75,11197246322.59,
"Yemen, Rep.",YEM,GDP (current US$),NY.GDP.MKTP.CD,,,,,,,,,,,,,,,,,,,,,,,,,,,,,,,12643821568.96,14665445462.11,17959367194.01,21736802664.45,28019483763.53,12796345679.01,6496163615.66,6838298530.55,6322175565.95,7639325295.88,9679316770.19,9852990692.99,10693430511.47,11777532662.05,13867634371.48,16731566717.19,19063143369.86,21650528674.09,26910855807.29,25130278212.56,30906749533.22,32726417878.39,35401331609.59,40415233436.18,43228585321.33,42444490073.86,31317825274.15,26842229044.58,21606160663.03,,,,,,,
South Africa,ZAF,GDP (current US$),NY.GDP.MKTP.CD,8748596500.56,9225996309.60,9813996074.40,10854195658.32,11955995217.60,13068994772.40,14211394315.44,15821393671.44,17124793150.08,19256992297.20,21218391512.64,23411076638.28,24515919216.89,33262772008.14,41389186094.60,42906905672.42,41150460287.62,45328411332.10,51607412901.85,63038658088.91,89411864402.43,93141472163.76,85904057409.36,96204110941.57,84870163365.93,64459376086.69,73354771399.26,96535763418.37,103976831870.96,108055624081.81,126048140141.87,135203698237.98,146956150986.64,147194747565.75,153512712381.84,171735933897.33,163234925380.56,168978057327.73,152982984557.23,151516957078.54,151752757215.31,135429905922.53,129087556612.45,197018965308.70,255806908594.57,288867217196.53,303858675363.64,333077117253.68,316131258616.31,329754060647.13,417363822801.71,458199494830.83,434400545085.81,400886013595.57,381198869776.11,346709790458.56,323585509674.48,381448814653.46,405260723892.52,389330032224.27,337974655408.06,419986284375.37,407596043067.89,381440724491.23,401144998373.59,
Zambia,ZMB,GDP (current US$),NY.GDP.MKTP.CD,698739720.78,682359727.33,679279728.56,704339718.55,822639671.27,1061199575.94,1238999504.90,1340639464.28,1573739371.13,1926399230.21,1788779285.20,1653259341.29,1872416680.08,2434255237.00,2910981262.10,2442672140.95,2742859262.98,2515296939.61,2811032472.94,3353445378.15,3884530853.76,4008126497.36,3871117092.87,3321048451.15,2719518933.00,2252454500.15,1664413508.10,2265250972.35,3728878148.81,3994673161.03,3288381797.32,3376806697.12,3182810841.02,3273505343.86,3656806165.79,3806983413.16,3597220962.00,4303288479.71,3537741941.89,3404284890.53,3600632111.41,4094441301.21,4193850445.43,4901869764.06,6221110219.46,8331870169.15,12756858899.28,14056957976.26,17910858637.90,15328342303.96,20265559483.85,23459515275.58,25503060420.03,28037239462.71,27141023558.08,21251216798.78,20958412538.31,25873601260.84,26311507273.67,23308667781.23,18137764930.65,22096416932.01,29163782140.49,27577956471.24,25303185342.25,
Zimbabwe,ZWE,GDP (current US$),NY.GDP.MKTP.CD,1053528036.43,1097206526.43,1118172225.65,1160103724.13,1217759447.00,1312105393.62,1282403936.38,1397715282.06,1480355354.94,1748891294.21,1885168339.11,2179828710.19,2679096596.58,3311043291.61,3984194614.20,4373532601.16,4320576876.79,4366610468.65,4353822342.62,5180102910.12,6682278300.26,8015464251.72,8544060905.16,7768031181.67,6355369172.00,5640137575.01,6220698246.73,6744657033.38,7818774176.84,8290553535.28,8788301546.04,8646000000.00,6755000000.00,6567250000.00,6894250000.00,7115000000.00,8557500000.00,8534000000.00,6405250000.00,6861500000.00,6693250000.00,6780750000.00,6345250000.00,5730500000.00,5808500000.00,5758250000.00,5446750000.00,5294750000.00,4418000000.00,9670750000.00,12047750000.00,14109000000.00,17123500000.00,19100750000.00,19505500000.00,19973250000.00,20559250000.00,51035657370.52,34141666666.67,33357695635.13,31980334561.31,41287673690.08,40757561708.77,35871779680.63,41539411516.44,
